route_key	verb	path	controller	action	environment	owner	disposition
DELETE|/admin/comments/:id|admin/comments|destroy	DELETE	/admin/comments/:id	admin/comments	destroy	production	active_admin_generated	review
DELETE|/admin/forward_email_rules/:id|admin/forward_email_rules|destroy	DELETE	/admin/forward_email_rules/:id	admin/forward_email_rules	destroy	production	active_admin_generated	review
DELETE|/admin/subscriptions/:id|admin/subscriptions|destroy	DELETE	/admin/subscriptions/:id	admin/subscriptions	destroy	production	active_admin_generated	review
DELETE|/admin/users/:id/delete_spam|admin/users|delete_spam	DELETE	/admin/users/:id/delete_spam	admin/users	delete_spam	production	active_admin_generated	review
DELETE|/api/b2/comments/:id|api/b2/comments|destroy	DELETE	/api/b2/comments/:id	api/b2/comments	destroy	production	first_party_production	migrate
DELETE|/api/b2/discussions/:id|api/b2/discussions|destroy	DELETE	/api/b2/discussions/:id	api/b2/discussions	destroy	production	first_party_production	migrate
DELETE|/api/b2/polls/:id|api/b2/polls|destroy	DELETE	/api/b2/polls/:id	api/b2/polls	destroy	production	first_party_production	migrate
DELETE|/api/b3/users/:id|api/b3/users|destroy	DELETE	/api/b3/users/:id	api/b3/users	destroy	production	first_party_production	migrate
DELETE|/api/b3/users/identity/:identity_type/:uid|api/b3/users|destroy_by_identity	DELETE	/api/b3/users/identity/:identity_type/:uid	api/b3/users	destroy_by_identity	production	first_party_production	migrate
DELETE|/api/v1/attachments/:id|api/v1/attachments|destroy	DELETE	/api/v1/attachments/:id	api/v1/attachments	destroy	production	first_party_production	migrate
DELETE|/api/v1/bookmarks/:id|api/v1/bookmarks|destroy	DELETE	/api/v1/bookmarks/:id	api/v1/bookmarks	destroy	production	first_party_production	migrate
DELETE|/api/v1/chatbots/:id|api/v1/chatbots|destroy	DELETE	/api/v1/chatbots/:id	api/v1/chatbots	destroy	production	first_party_production	migrate
DELETE|/api/v1/comments/:id/discard|api/v1/comments|discard	DELETE	/api/v1/comments/:id/discard	api/v1/comments	discard	production	first_party_production	migrate
DELETE|/api/v1/comments/:id|api/v1/comments|destroy	DELETE	/api/v1/comments/:id	api/v1/comments	destroy	production	first_party_production	migrate
DELETE|/api/v1/discussion_templates/:id|api/v1/discussion_templates|destroy	DELETE	/api/v1/discussion_templates/:id	api/v1/discussion_templates	destroy	production	first_party_production	migrate
DELETE|/api/v1/groups/:id/remove_photo/:kind|api/v1/groups|remove_photo	DELETE	/api/v1/groups/:id/remove_photo/:kind	api/v1/groups	remove_photo	production	first_party_production	migrate
DELETE|/api/v1/groups/:id|api/v1/groups|destroy	DELETE	/api/v1/groups/:id	api/v1/groups	destroy	production	first_party_production	migrate
DELETE|/api/v1/memberships/:id|api/v1/memberships|destroy	DELETE	/api/v1/memberships/:id	api/v1/memberships	destroy	production	first_party_production	migrate
DELETE|/api/v1/poll_templates/:id|api/v1/poll_templates|destroy	DELETE	/api/v1/poll_templates/:id	api/v1/poll_templates	destroy	production	first_party_production	migrate
DELETE|/api/v1/polls/:id/discard|api/v1/polls|discard	DELETE	/api/v1/polls/:id/discard	api/v1/polls	discard	production	first_party_production	migrate
DELETE|/api/v1/profile|api/v1/profile|destroy	DELETE	/api/v1/profile	api/v1/profile	destroy	production	first_party_production	migrate
DELETE|/api/v1/reactions/:id|api/v1/reactions|destroy	DELETE	/api/v1/reactions/:id	api/v1/reactions	destroy	production	first_party_production	migrate
DELETE|/api/v1/received_emails/destroy_alias|api/v1/received_emails|destroy_alias	DELETE	/api/v1/received_emails/destroy_alias	api/v1/received_emails	destroy_alias	production	first_party_production	migrate
DELETE|/api/v1/sessions|api/v1/sessions|destroy	DELETE	/api/v1/sessions	api/v1/sessions	destroy	production	first_party_production	migrate
DELETE|/api/v1/tags/:id|api/v1/tags|destroy	DELETE	/api/v1/tags/:id	api/v1/tags	destroy	production	first_party_production	migrate
DELETE|/api/v1/topics/:id/discard|api/v1/topics|discard	DELETE	/api/v1/topics/:id/discard	api/v1/topics	discard	production	first_party_production	migrate
DELETE|/api/v1/webhooks/:id|api/v1/webhooks|destroy	DELETE	/api/v1/webhooks/:id	api/v1/webhooks	destroy	production	mounted_engine	review
DELETE|/google|identities/google|destroy	DELETE	/google	identities/google	destroy	production	first_party_production	migrate
DELETE|/nextcloud|identities/nextcloud|destroy	DELETE	/nextcloud	identities/nextcloud	destroy	production	first_party_production	migrate
DELETE|/oauth|identities/oauth|destroy	DELETE	/oauth	identities/oauth	destroy	production	first_party_production	migrate
DELETE|/saml|identities/saml|destroy	DELETE	/saml	identities/saml	destroy	production	first_party_production	migrate
DELETE|/users/sign_out|api/v1/sessions|destroy	DELETE	/users/sign_out	api/v1/sessions	destroy	production	first_party_production	migrate
GET|/:id|groups|show	GET	/:id	groups	show	production	first_party_production	migrate
GET|/about-loomio|application|about_loomio	GET	/about-loomio	application	about_loomio	production	first_party_production	migrate
GET|/admin/comments/:id|admin/comments|show	GET	/admin/comments/:id	admin/comments	show	production	active_admin_generated	review
GET|/admin/comments|admin/comments|index	GET	/admin/comments	admin/comments	index	production	active_admin_generated	review
GET|/admin/demos/:id/edit|admin/demos|edit	GET	/admin/demos/:id/edit	admin/demos	edit	production	active_admin_generated	review
GET|/admin/demos/:id|admin/demos|show	GET	/admin/demos/:id	admin/demos	show	production	active_admin_generated	review
GET|/admin/demos/new|admin/demos|new	GET	/admin/demos/new	admin/demos	new	production	active_admin_generated	review
GET|/admin/demos|admin/demos|index	GET	/admin/demos	admin/demos	index	production	active_admin_generated	review
GET|/admin/forward_email_rules/:id/edit|admin/forward_email_rules|edit	GET	/admin/forward_email_rules/:id/edit	admin/forward_email_rules	edit	production	active_admin_generated	review
GET|/admin/forward_email_rules/new|admin/forward_email_rules|new	GET	/admin/forward_email_rules/new	admin/forward_email_rules	new	production	active_admin_generated	review
GET|/admin/groups/:id/edit|admin/groups|edit	GET	/admin/groups/:id/edit	admin/groups	edit	production	active_admin_generated	review
GET|/admin/groups/:id|admin/groups|show	GET	/admin/groups/:id	admin/groups	show	production	active_admin_generated	review
GET|/admin/groups/export_users_report|admin/groups|export_users_report	GET	/admin/groups/export_users_report	admin/groups	export_users_report	production	active_admin_generated	review
GET|/admin/groups/export_users|admin/groups|export_users	GET	/admin/groups/export_users	admin/groups	export_users	production	active_admin_generated	review
GET|/admin/groups/import|admin/groups|import	GET	/admin/groups/import	admin/groups	import	production	active_admin_generated	review
GET|/admin/groups/new|admin/groups|new	GET	/admin/groups/new	admin/groups	new	production	active_admin_generated	review
GET|/admin/groups|admin/groups|index	GET	/admin/groups	admin/groups	index	production	active_admin_generated	review
GET|/admin/subscriptions/:id/edit|admin/subscriptions|edit	GET	/admin/subscriptions/:id/edit	admin/subscriptions	edit	production	active_admin_generated	review
GET|/admin/subscriptions/:id|admin/subscriptions|show	GET	/admin/subscriptions/:id	admin/subscriptions	show	production	active_admin_generated	review
GET|/admin/subscriptions/new|admin/subscriptions|new	GET	/admin/subscriptions/new	admin/subscriptions	new	production	active_admin_generated	review
GET|/admin/subscriptions|admin/subscriptions|index	GET	/admin/subscriptions	admin/subscriptions	index	production	active_admin_generated	review
GET|/admin/users/:id/edit|admin/users|edit	GET	/admin/users/:id/edit	admin/users	edit	production	active_admin_generated	review
GET|/admin/users/:id/login_as|admin/users|login_as	GET	/admin/users/:id/login_as	admin/users	login_as	production	active_admin_generated	review
GET|/admin/users/:id|admin/users|show	GET	/admin/users/:id	admin/users	show	production	active_admin_generated	review
GET|/admin/users|admin/users|index	GET	/admin/users	admin/users	index	production	active_admin_generated	review
GET|/admin|admin/groups|index	GET	/admin	admin/groups	index	production	active_admin_generated	review
GET|/api/b2/discussions/:id|api/b2/discussions|show	GET	/api/b2/discussions/:id	api/b2/discussions	show	production	first_party_production	migrate
GET|/api/b2/discussions|api/b2/discussions|index	GET	/api/b2/discussions	api/b2/discussions	index	production	first_party_production	migrate
GET|/api/b2/groups/:id|api/b2/groups|show	GET	/api/b2/groups/:id	api/b2/groups	show	production	first_party_production	migrate
GET|/api/b2/groups|api/b2/groups|index	GET	/api/b2/groups	api/b2/groups	index	production	first_party_production	migrate
GET|/api/b2/memberships|api/b2/memberships|index	GET	/api/b2/memberships	api/b2/memberships	index	production	first_party_production	migrate
GET|/api/b2/polls/:id|api/b2/polls|show	GET	/api/b2/polls/:id	api/b2/polls	show	production	first_party_production	migrate
GET|/api/b2/polls|api/b2/polls|index	GET	/api/b2/polls	api/b2/polls	index	production	first_party_production	migrate
GET|/api/b2/threads/:id/items|api/b2/threads|items	GET	/api/b2/threads/:id/items	api/b2/threads	items	production	first_party_production	migrate
GET|/api/b2/threads/:id/markdown|api/b2/threads|markdown	GET	/api/b2/threads/:id/markdown	api/b2/threads	markdown	production	first_party_production	migrate
GET|/api/b2/threads/:id|api/b2/threads|show	GET	/api/b2/threads/:id	api/b2/threads	show	production	first_party_production	migrate
GET|/api/b2/threads|api/b2/threads|index	GET	/api/b2/threads	api/b2/threads	index	production	first_party_production	migrate
GET|/api/b3/users/:id|api/b3/users|show	GET	/api/b3/users/:id	api/b3/users	show	production	first_party_production	migrate
GET|/api/b3/users/identity/:identity_type/:uid|api/b3/users|show_by_identity	GET	/api/b3/users/identity/:identity_type/:uid	api/b3/users	show_by_identity	production	first_party_production	migrate
GET|/api/b3/users|api/b3/users|index	GET	/api/b3/users	api/b3/users	index	production	first_party_production	migrate
GET|/api/v1/announcements/audience|api/v1/announcements|audience	GET	/api/v1/announcements/audience	api/v1/announcements	audience	production	first_party_production	migrate
GET|/api/v1/announcements/count|api/v1/announcements|count	GET	/api/v1/announcements/count	api/v1/announcements	count	production	first_party_production	migrate
GET|/api/v1/announcements/history|api/v1/announcements|history	GET	/api/v1/announcements/history	api/v1/announcements	history	production	first_party_production	migrate
GET|/api/v1/announcements/new_member_count|api/v1/announcements|new_member_count	GET	/api/v1/announcements/new_member_count	api/v1/announcements	new_member_count	production	first_party_production	migrate
GET|/api/v1/announcements/search|api/v1/announcements|search	GET	/api/v1/announcements/search	api/v1/announcements	search	production	first_party_production	migrate
GET|/api/v1/announcements/users_notified_count|api/v1/announcements|users_notified_count	GET	/api/v1/announcements/users_notified_count	api/v1/announcements	users_notified_count	production	first_party_production	migrate
GET|/api/v1/attachments|api/v1/attachments|index	GET	/api/v1/attachments	api/v1/attachments	index	production	first_party_production	migrate
GET|/api/v1/bookmarks|api/v1/bookmarks|index	GET	/api/v1/bookmarks	api/v1/bookmarks	index	production	first_party_production	migrate
GET|/api/v1/boot/site|api/v1/boot|site	GET	/api/v1/boot/site	api/v1/boot	site	production	first_party_production	migrate
GET|/api/v1/boot/user|api/v1/boot|user	GET	/api/v1/boot/user	api/v1/boot	user	production	first_party_production	migrate
GET|/api/v1/boot/version|api/v1/boot|version	GET	/api/v1/boot/version	api/v1/boot	version	production	first_party_production	migrate
GET|/api/v1/chatbots|api/v1/chatbots|index	GET	/api/v1/chatbots	api/v1/chatbots	index	production	first_party_production	migrate
GET|/api/v1/discussion_templates/:id|api/v1/discussion_templates|show	GET	/api/v1/discussion_templates/:id	api/v1/discussion_templates	show	production	first_party_production	migrate
GET|/api/v1/discussion_templates/browse_tags|api/v1/discussion_templates|browse_tags	GET	/api/v1/discussion_templates/browse_tags	api/v1/discussion_templates	browse_tags	production	first_party_production	migrate
GET|/api/v1/discussion_templates/browse|api/v1/discussion_templates|browse	GET	/api/v1/discussion_templates/browse	api/v1/discussion_templates	browse	production	first_party_production	migrate
GET|/api/v1/discussion_templates|api/v1/discussion_templates|index	GET	/api/v1/discussion_templates	api/v1/discussion_templates	index	production	first_party_production	migrate
GET|/api/v1/discussions/:id|api/v1/discussions|show	GET	/api/v1/discussions/:id	api/v1/discussions	show	production	first_party_production	migrate
GET|/api/v1/events/:id/descendant_authors|api/v1/events|descendant_authors	GET	/api/v1/events/:id/descendant_authors	api/v1/events	descendant_authors	production	first_party_production	migrate
GET|/api/v1/events/comment|api/v1/events|comment	GET	/api/v1/events/comment	api/v1/events	comment	production	first_party_production	migrate
GET|/api/v1/events/count|api/v1/events|count	GET	/api/v1/events/count	api/v1/events	count	production	first_party_production	migrate
GET|/api/v1/events/position_keys|api/v1/events|position_keys	GET	/api/v1/events/position_keys	api/v1/events	position_keys	production	first_party_production	migrate
GET|/api/v1/events/timeline|api/v1/events|timeline	GET	/api/v1/events/timeline	api/v1/events	timeline	production	first_party_production	migrate
GET|/api/v1/events|api/v1/events|index	GET	/api/v1/events	api/v1/events	index	production	first_party_production	migrate
GET|/api/v1/groups/:id/subgroups|api/v1/groups|subgroups	GET	/api/v1/groups/:id/subgroups	api/v1/groups	subgroups	production	first_party_production	migrate
GET|/api/v1/groups/:id/token|api/v1/groups|token	GET	/api/v1/groups/:id/token	api/v1/groups	token	production	first_party_production	migrate
GET|/api/v1/groups/:id|api/v1/groups|show	GET	/api/v1/groups/:id	api/v1/groups	show	production	first_party_production	migrate
GET|/api/v1/groups/count_explore_results|api/v1/groups|count_explore_results	GET	/api/v1/groups/count_explore_results	api/v1/groups	count_explore_results	production	first_party_production	migrate
GET|/api/v1/groups/suggest_handle|api/v1/groups|suggest_handle	GET	/api/v1/groups/suggest_handle	api/v1/groups	suggest_handle	production	first_party_production	migrate
GET|/api/v1/groups|api/v1/groups|index	GET	/api/v1/groups	api/v1/groups	index	production	first_party_production	migrate
GET|/api/v1/membership_requests/my_pending|api/v1/membership_requests|my_pending	GET	/api/v1/membership_requests/my_pending	api/v1/membership_requests	my_pending	production	first_party_production	migrate
GET|/api/v1/membership_requests/pending|api/v1/membership_requests|pending	GET	/api/v1/membership_requests/pending	api/v1/membership_requests	pending	production	first_party_production	migrate
GET|/api/v1/membership_requests/previous|api/v1/membership_requests|previous	GET	/api/v1/membership_requests/previous	api/v1/membership_requests	previous	production	first_party_production	migrate
GET|/api/v1/memberships/autocomplete|api/v1/memberships|index	GET	/api/v1/memberships/autocomplete	api/v1/memberships	index	production	first_party_production	migrate
GET|/api/v1/memberships/for_user|api/v1/memberships|for_user	GET	/api/v1/memberships/for_user	api/v1/memberships	for_user	production	first_party_production	migrate
GET|/api/v1/memberships/invitables|api/v1/memberships|invitables	GET	/api/v1/memberships/invitables	api/v1/memberships	invitables	production	first_party_production	migrate
GET|/api/v1/memberships/my_memberships|api/v1/memberships|my_memberships	GET	/api/v1/memberships/my_memberships	api/v1/memberships	my_memberships	production	first_party_production	migrate
GET|/api/v1/memberships/undecided|api/v1/memberships|undecided	GET	/api/v1/memberships/undecided	api/v1/memberships	undecided	production	first_party_production	migrate
GET|/api/v1/memberships|api/v1/memberships|index	GET	/api/v1/memberships	api/v1/memberships	index	production	first_party_production	migrate
GET|/api/v1/mentions|api/v1/mentions|index	GET	/api/v1/mentions	api/v1/mentions	index	production	first_party_production	migrate
GET|/api/v1/notifications|api/v1/notifications|index	GET	/api/v1/notifications	api/v1/notifications	index	production	first_party_production	migrate
GET|/api/v1/poll_templates/:id|api/v1/poll_templates|show	GET	/api/v1/poll_templates/:id	api/v1/poll_templates	show	production	first_party_production	migrate
GET|/api/v1/poll_templates/browse|api/v1/poll_templates|browse	GET	/api/v1/poll_templates/browse	api/v1/poll_templates	browse	production	first_party_production	migrate
GET|/api/v1/poll_templates|api/v1/poll_templates|index	GET	/api/v1/poll_templates	api/v1/poll_templates	index	production	first_party_production	migrate
GET|/api/v1/polls/:id/receipts|api/v1/polls|receipts	GET	/api/v1/polls/:id/receipts	api/v1/polls	receipts	production	first_party_production	migrate
GET|/api/v1/polls/:id/voters|api/v1/polls|voters	GET	/api/v1/polls/:id/voters	api/v1/polls	voters	production	first_party_production	migrate
GET|/api/v1/polls/:id|api/v1/polls|show	GET	/api/v1/polls/:id	api/v1/polls	show	production	first_party_production	migrate
GET|/api/v1/polls/closed|api/v1/polls|closed	GET	/api/v1/polls/closed	api/v1/polls	closed	production	first_party_production	migrate
GET|/api/v1/polls|api/v1/polls|index	GET	/api/v1/polls	api/v1/polls	index	production	first_party_production	migrate
GET|/api/v1/profile/:id|api/v1/profile|show	GET	/api/v1/profile/:id	api/v1/profile	show	production	first_party_production	migrate
GET|/api/v1/profile/all_time_zones|api/v1/profile|all_time_zones	GET	/api/v1/profile/all_time_zones	api/v1/profile	all_time_zones	production	first_party_production	migrate
GET|/api/v1/profile/avatar_uploaded|api/v1/profile|avatar_uploaded	GET	/api/v1/profile/avatar_uploaded	api/v1/profile	avatar_uploaded	production	first_party_production	migrate
GET|/api/v1/profile/contactable|api/v1/profile|contactable	GET	/api/v1/profile/contactable	api/v1/profile	contactable	production	first_party_production	migrate
GET|/api/v1/profile/email_api_key|api/v1/profile|email_api_key	GET	/api/v1/profile/email_api_key	api/v1/profile	email_api_key	production	first_party_production	migrate
GET|/api/v1/profile/email_exists|api/v1/profile|email_exists	GET	/api/v1/profile/email_exists	api/v1/profile	email_exists	production	first_party_production	migrate
GET|/api/v1/profile/email_status|api/v1/profile|email_status	GET	/api/v1/profile/email_status	api/v1/profile	email_status	production	first_party_production	migrate
GET|/api/v1/profile/groups|api/v1/profile|groups	GET	/api/v1/profile/groups	api/v1/profile	groups	production	first_party_production	migrate
GET|/api/v1/profile/me|api/v1/profile|me	GET	/api/v1/profile/me	api/v1/profile	me	production	first_party_production	migrate
GET|/api/v1/profile/time_zones|api/v1/profile|time_zones	GET	/api/v1/profile/time_zones	api/v1/profile	time_zones	production	first_party_production	migrate
GET|/api/v1/profile|api/v1/profile|index	GET	/api/v1/profile	api/v1/profile	index	production	first_party_production	migrate
GET|/api/v1/reactions|api/v1/reactions|index	GET	/api/v1/reactions	api/v1/reactions	index	production	first_party_production	migrate
GET|/api/v1/received_emails/aliases|api/v1/received_emails|aliases	GET	/api/v1/received_emails/aliases	api/v1/received_emails	aliases	production	first_party_production	migrate
GET|/api/v1/received_emails|api/v1/received_emails|index	GET	/api/v1/received_emails	api/v1/received_emails	index	production	first_party_production	migrate
GET|/api/v1/reports|api/v1/reports|index	GET	/api/v1/reports	api/v1/reports	index	production	first_party_production	migrate
GET|/api/v1/search|api/v1/search|index	GET	/api/v1/search	api/v1/search	index	production	first_party_production	migrate
GET|/api/v1/sessions/unauthorized|api/v1/sessions|unauthorized	GET	/api/v1/sessions/unauthorized	api/v1/sessions	unauthorized	production	first_party_production	migrate
GET|/api/v1/stances/invite|api/v1/stances|invite	GET	/api/v1/stances/invite	api/v1/stances	invite	production	first_party_production	migrate
GET|/api/v1/stances/my_stances|api/v1/stances|my_stances	GET	/api/v1/stances/my_stances	api/v1/stances	my_stances	production	first_party_production	migrate
GET|/api/v1/stances/users|api/v1/stances|users	GET	/api/v1/stances/users	api/v1/stances	users	production	first_party_production	migrate
GET|/api/v1/stances|api/v1/stances|index	GET	/api/v1/stances	api/v1/stances	index	production	first_party_production	migrate
GET|/api/v1/tasks|api/v1/tasks|index	GET	/api/v1/tasks	api/v1/tasks	index	production	first_party_production	migrate
GET|/api/v1/topic_readers|api/v1/topic_readers|index	GET	/api/v1/topic_readers	api/v1/topic_readers	index	production	first_party_production	migrate
GET|/api/v1/topics/:id/history|api/v1/topics|history	GET	/api/v1/topics/:id/history	api/v1/topics	history	production	first_party_production	migrate
GET|/api/v1/topics/:id/markdown|api/v1/topics|markdown	GET	/api/v1/topics/:id/markdown	api/v1/topics	markdown	production	first_party_production	migrate
GET|/api/v1/topics|api/v1/topics|index	GET	/api/v1/topics	api/v1/topics	index	production	first_party_production	migrate
GET|/api/v1/translations/inline|api/v1/translations|inline	GET	/api/v1/translations/inline	api/v1/translations	inline	production	first_party_production	migrate
GET|/api/v1/versions|api/v1/versions|show	GET	/api/v1/versions	api/v1/versions	show	production	first_party_production	migrate
GET|/api/v1/webhooks|api/v1/webhooks|index	GET	/api/v1/webhooks	api/v1/webhooks	index	production	mounted_engine	review
GET|/apps/authorized|application|index	GET	/apps/authorized	application	index	production	first_party_production	migrate
GET|/apps/registered/:id/:slug|application|index	GET	/apps/registered/:id/:slug	application	index	production	first_party_production	migrate
GET|/apps/registered/:id|application|index	GET	/apps/registered/:id	application	index	production	first_party_production	migrate
GET|/apps/registered|application|index	GET	/apps/registered	application	index	production	first_party_production	migrate
GET|/c/:id|comments|redirect	GET	/c/:id	comments	redirect	production	first_party_production	migrate
GET|/contact_messages/new|contact_messages|new	GET	/contact_messages/new	contact_messages	new	production	mounted_engine	review
GET|/contact_messages|contact_messages|show	GET	/contact_messages	contact_messages	show	production	mounted_engine	review
GET|/contact|application|index	GET	/contact	application	index	production	first_party_production	migrate
GET|/crowdfunding_celebration|application|crowdfunding	GET	/crowdfunding_celebration	application	crowdfunding	production	first_party_production	migrate
GET|/crowdfunding|application|crowdfunding	GET	/crowdfunding	application	crowdfunding	production	first_party_production	migrate
GET|/d/:key(/:slug)(/:sequence_id)|discussions|show	GET	/d/:key(/:slug)(/:sequence_id)	discussions	show	production	first_party_production	migrate
GET|/d/:key/export|discussions|export	GET	/d/:key/export	discussions	export	production	first_party_production	migrate
GET|/d/new|application|index	GET	/d/new	application	index	production	first_party_production	migrate
GET|/dashboard/:filter|application|index	GET	/dashboard/:filter	application	index	production	first_party_production	migrate
GET|/dashboard/direct_discussions|application|index	GET	/dashboard/direct_discussions	application	index	production	first_party_production	migrate
GET|/dashboard|application|index	GET	/dashboard	application	index	production	first_party_production	migrate
GET|/dev/accept_last_invitation|dev/nightwatch|accept_last_invitation	GET	/dev/accept_last_invitation	dev/nightwatch	accept_last_invitation	development	development_only	review
GET|/dev/discussions/test_all_read|dev/discussions|test_all_read	GET	/dev/discussions/test_all_read	dev/discussions	test_all_read	development	development_only	review
GET|/dev/discussions/test_most_read|dev/discussions|test_most_read	GET	/dev/discussions/test_most_read	dev/discussions	test_most_read	development	development_only	review
GET|/dev/discussions/test_none_read|dev/discussions|test_none_read	GET	/dev/discussions/test_none_read	dev/discussions	test_none_read	development	development_only	review
GET|/dev/discussions/test_sampled_comments|dev/discussions|test_sampled_comments	GET	/dev/discussions/test_sampled_comments	dev/discussions	test_sampled_comments	development	development_only	review
GET|/dev/discussions/test_some_read|dev/discussions|test_some_read	GET	/dev/discussions/test_some_read	dev/discussions	test_some_read	development	development_only	review
GET|/dev/discussions|dev/discussions|index	GET	/dev/discussions	dev/discussions	index	development	development_only	review
GET|/dev/email_settings_as_logged_in_user|dev/nightwatch|email_settings_as_logged_in_user	GET	/dev/email_settings_as_logged_in_user	dev/nightwatch	email_settings_as_logged_in_user	development	development_only	review
GET|/dev/email_settings_as_restricted_user|dev/nightwatch|email_settings_as_restricted_user	GET	/dev/email_settings_as_restricted_user	dev/nightwatch	email_settings_as_restricted_user	development	development_only	review
GET|/dev/last_email|dev/nightwatch|last_email	GET	/dev/last_email	dev/nightwatch	last_email	development	development_only	review
GET|/dev/last_login_code|dev/nightwatch|last_login_code	GET	/dev/last_login_code	dev/nightwatch	last_login_code	development	development_only	review
GET|/dev/nightwatch/accept_last_invitation|dev/nightwatch|accept_last_invitation	GET	/dev/nightwatch/accept_last_invitation	dev/nightwatch	accept_last_invitation	development	development_only	review
GET|/dev/nightwatch/email_settings_as_logged_in_user|dev/nightwatch|email_settings_as_logged_in_user	GET	/dev/nightwatch/email_settings_as_logged_in_user	dev/nightwatch	email_settings_as_logged_in_user	development	development_only	review
GET|/dev/nightwatch/email_settings_as_restricted_user|dev/nightwatch|email_settings_as_restricted_user	GET	/dev/nightwatch/email_settings_as_restricted_user	dev/nightwatch	email_settings_as_restricted_user	development	development_only	review
GET|/dev/nightwatch/last_login_code|dev/nightwatch|last_login_code	GET	/dev/nightwatch/last_login_code	dev/nightwatch	last_login_code	development	development_only	review
GET|/dev/nightwatch/reset_transient_state|dev/nightwatch|reset_transient_state	GET	/dev/nightwatch/reset_transient_state	dev/nightwatch	reset_transient_state	development	development_only	review
GET|/dev/nightwatch/setup_all_activity_items|dev/nightwatch|setup_all_activity_items	GET	/dev/nightwatch/setup_all_activity_items	dev/nightwatch	setup_all_activity_items	development	development_only	review
GET|/dev/nightwatch/setup_all_notifications|dev/nightwatch|setup_all_notifications	GET	/dev/nightwatch/setup_all_notifications	dev/nightwatch	setup_all_notifications	development	development_only	review
GET|/dev/nightwatch/setup_closed_group_to_join|dev/nightwatch|setup_closed_group_to_join	GET	/dev/nightwatch/setup_closed_group_to_join	dev/nightwatch	setup_closed_group_to_join	development	development_only	review
GET|/dev/nightwatch/setup_closed_group|dev/nightwatch|setup_closed_group	GET	/dev/nightwatch/setup_closed_group	dev/nightwatch	setup_closed_group	development	development_only	review
GET|/dev/nightwatch/setup_comment_with_versions|dev/nightwatch|setup_comment_with_versions	GET	/dev/nightwatch/setup_comment_with_versions	dev/nightwatch	setup_comment_with_versions	development	development_only	review
GET|/dev/nightwatch/setup_dashboard_as_visitor|dev/nightwatch|setup_dashboard_as_visitor	GET	/dev/nightwatch/setup_dashboard_as_visitor	dev/nightwatch	setup_dashboard_as_visitor	development	development_only	review
GET|/dev/nightwatch/setup_dashboard_with_one_thread|dev/nightwatch|setup_dashboard_with_one_thread	GET	/dev/nightwatch/setup_dashboard_with_one_thread	dev/nightwatch	setup_dashboard_with_one_thread	development	development_only	review
GET|/dev/nightwatch/setup_dashboard|dev/nightwatch|setup_dashboard	GET	/dev/nightwatch/setup_dashboard	dev/nightwatch	setup_dashboard	development	development_only	review
GET|/dev/nightwatch/setup_deactivated_user|dev/nightwatch|setup_deactivated_user	GET	/dev/nightwatch/setup_deactivated_user	dev/nightwatch	setup_deactivated_user	development	development_only	review
GET|/dev/nightwatch/setup_discussion_as_guest|dev/nightwatch|setup_discussion_as_guest	GET	/dev/nightwatch/setup_discussion_as_guest	dev/nightwatch	setup_discussion_as_guest	development	development_only	review
GET|/dev/nightwatch/setup_discussion_for_jennifer|dev/nightwatch|setup_discussion_for_jennifer	GET	/dev/nightwatch/setup_discussion_for_jennifer	dev/nightwatch	setup_discussion_for_jennifer	development	development_only	review
GET|/dev/nightwatch/setup_discussion_mailer_comment_replied_to_email|dev/nightwatch|setup_discussion_mailer_comment_replied_to_email	GET	/dev/nightwatch/setup_discussion_mailer_comment_replied_to_email	dev/nightwatch	setup_discussion_mailer_comment_replied_to_email	development	development_only	review
GET|/dev/nightwatch/setup_discussion_mailer_discussion_announced_email|dev/nightwatch|setup_discussion_mailer_discussion_announced_email	GET	/dev/nightwatch/setup_discussion_mailer_discussion_announced_email	dev/nightwatch	setup_discussion_mailer_discussion_announced_email	development	development_only	review
GET|/dev/nightwatch/setup_discussion_mailer_discussion_created_email|dev/nightwatch|setup_discussion_mailer_discussion_created_email	GET	/dev/nightwatch/setup_discussion_mailer_discussion_created_email	dev/nightwatch	setup_discussion_mailer_discussion_created_email	development	development_only	review
GET|/dev/nightwatch/setup_discussion_mailer_discussion_edited_email|dev/nightwatch|setup_discussion_mailer_discussion_edited_email	GET	/dev/nightwatch/setup_discussion_mailer_discussion_edited_email	dev/nightwatch	setup_discussion_mailer_discussion_edited_email	development	development_only	review
GET|/dev/nightwatch/setup_discussion_mailer_invitation_created_email|dev/nightwatch|setup_discussion_mailer_invitation_created_email	GET	/dev/nightwatch/setup_discussion_mailer_invitation_created_email	dev/nightwatch	setup_discussion_mailer_invitation_created_email	development	development_only	review
GET|/dev/nightwatch/setup_discussion_mailer_new_comment_email|dev/nightwatch|setup_discussion_mailer_new_comment_email	GET	/dev/nightwatch/setup_discussion_mailer_new_comment_email	dev/nightwatch	setup_discussion_mailer_new_comment_email	development	development_only	review
GET|/dev/nightwatch/setup_discussion_mailer_new_comment_thread_subscribed_email|dev/nightwatch|setup_discussion_mailer_new_comment_thread_subscribed_email	GET	/dev/nightwatch/setup_discussion_mailer_new_comment_thread_subscribed_email	dev/nightwatch	setup_discussion_mailer_new_comment_thread_subscribed_email	development	development_only	review
GET|/dev/nightwatch/setup_discussion_mailer_user_mentioned_email|dev/nightwatch|setup_discussion_mailer_user_mentioned_email	GET	/dev/nightwatch/setup_discussion_mailer_user_mentioned_email	dev/nightwatch	setup_discussion_mailer_user_mentioned_email	development	development_only	review
GET|/dev/nightwatch/setup_discussion_template_browse|dev/nightwatch|setup_discussion_template_browse	GET	/dev/nightwatch/setup_discussion_template_browse	dev/nightwatch	setup_discussion_template_browse	development	development_only	review
GET|/dev/nightwatch/setup_discussion_with_guest|dev/nightwatch|setup_discussion_with_guest	GET	/dev/nightwatch/setup_discussion_with_guest	dev/nightwatch	setup_discussion_with_guest	development	development_only	review
GET|/dev/nightwatch/setup_discussion_with_tag|dev/nightwatch|setup_discussion_with_tag	GET	/dev/nightwatch/setup_discussion_with_tag	dev/nightwatch	setup_discussion_with_tag	development	development_only	review
GET|/dev/nightwatch/setup_discussion_with_versions|dev/nightwatch|setup_discussion_with_versions	GET	/dev/nightwatch/setup_discussion_with_versions	dev/nightwatch	setup_discussion_with_versions	development	development_only	review
GET|/dev/nightwatch/setup_discussion|dev/nightwatch|setup_discussion	GET	/dev/nightwatch/setup_discussion	dev/nightwatch	setup_discussion	development	development_only	review
GET|/dev/nightwatch/setup_explore_as_visitor|dev/nightwatch|setup_explore_as_visitor	GET	/dev/nightwatch/setup_explore_as_visitor	dev/nightwatch	setup_explore_as_visitor	development	development_only	review
GET|/dev/nightwatch/setup_forkable_discussion|dev/nightwatch|setup_forkable_discussion	GET	/dev/nightwatch/setup_forkable_discussion	dev/nightwatch	setup_forkable_discussion	development	development_only	review
GET|/dev/nightwatch/setup_group_as_member|dev/nightwatch|setup_group_as_member	GET	/dev/nightwatch/setup_group_as_member	dev/nightwatch	setup_group_as_member	development	development_only	review
GET|/dev/nightwatch/setup_group_super_admin|dev/nightwatch|setup_group_super_admin	GET	/dev/nightwatch/setup_group_super_admin	dev/nightwatch	setup_group_super_admin	development	development_only	review
GET|/dev/nightwatch/setup_group_with_discussion|dev/nightwatch|setup_group_with_discussion	GET	/dev/nightwatch/setup_group_with_discussion	dev/nightwatch	setup_group_with_discussion	development	development_only	review
GET|/dev/nightwatch/setup_group_with_handle|dev/nightwatch|setup_group_with_handle	GET	/dev/nightwatch/setup_group_with_handle	dev/nightwatch	setup_group_with_handle	development	development_only	review
GET|/dev/nightwatch/setup_group_with_max_members|dev/nightwatch|setup_group_with_max_members	GET	/dev/nightwatch/setup_group_with_max_members	dev/nightwatch	setup_group_with_max_members	development	development_only	review
GET|/dev/nightwatch/setup_group_with_multiple_coordinators|dev/nightwatch|setup_group_with_multiple_coordinators	GET	/dev/nightwatch/setup_group_with_multiple_coordinators	dev/nightwatch	setup_group_with_multiple_coordinators	development	development_only	review
GET|/dev/nightwatch/setup_group_with_no_coordinators|dev/nightwatch|setup_group_with_no_coordinators	GET	/dev/nightwatch/setup_group_with_no_coordinators	dev/nightwatch	setup_group_with_no_coordinators	development	development_only	review
GET|/dev/nightwatch/setup_group_with_pending_invitations|dev/nightwatch|setup_group_with_pending_invitations	GET	/dev/nightwatch/setup_group_with_pending_invitations	dev/nightwatch	setup_group_with_pending_invitations	development	development_only	review
GET|/dev/nightwatch/setup_group_with_photos|dev/nightwatch|setup_group_with_photos	GET	/dev/nightwatch/setup_group_with_photos	dev/nightwatch	setup_group_with_photos	development	development_only	review
GET|/dev/nightwatch/setup_group_with_received_email|dev/nightwatch|setup_group_with_received_email	GET	/dev/nightwatch/setup_group_with_received_email	dev/nightwatch	setup_group_with_received_email	development	development_only	review
GET|/dev/nightwatch/setup_group_with_restrictive_settings|dev/nightwatch|setup_group_with_restrictive_settings	GET	/dev/nightwatch/setup_group_with_restrictive_settings	dev/nightwatch	setup_group_with_restrictive_settings	development	development_only	review
GET|/dev/nightwatch/setup_group_with_subgroups_as_admin_landing_in_other_subgroup|dev/nightwatch|setup_group_with_subgroups_as_admin_landing_in_other_subgroup	GET	/dev/nightwatch/setup_group_with_subgroups_as_admin_landing_in_other_subgroup	dev/nightwatch	setup_group_with_subgroups_as_admin_landing_in_other_subgroup	development	development_only	review
GET|/dev/nightwatch/setup_group_with_subgroups_as_admin|dev/nightwatch|setup_group_with_subgroups_as_admin	GET	/dev/nightwatch/setup_group_with_subgroups_as_admin	dev/nightwatch	setup_group_with_subgroups_as_admin	development	development_only	review
GET|/dev/nightwatch/setup_group_with_subgroups|dev/nightwatch|setup_group_with_subgroups	GET	/dev/nightwatch/setup_group_with_subgroups	dev/nightwatch	setup_group_with_subgroups	development	development_only	review
GET|/dev/nightwatch/setup_group|dev/nightwatch|setup_group	GET	/dev/nightwatch/setup_group	dev/nightwatch	setup_group	development	development_only	review
GET|/dev/nightwatch/setup_inbox_with_tag|dev/nightwatch|setup_inbox_with_tag	GET	/dev/nightwatch/setup_inbox_with_tag	dev/nightwatch	setup_inbox_with_tag	development	development_only	review
GET|/dev/nightwatch/setup_inbox|dev/nightwatch|setup_inbox	GET	/dev/nightwatch/setup_inbox	dev/nightwatch	setup_inbox	development	development_only	review
GET|/dev/nightwatch/setup_invitation_email_to_user_with_password|dev/nightwatch|setup_invitation_email_to_user_with_password	GET	/dev/nightwatch/setup_invitation_email_to_user_with_password	dev/nightwatch	setup_invitation_email_to_user_with_password	development	development_only	review
GET|/dev/nightwatch/setup_invitation_email_to_visitor|dev/nightwatch|setup_invitation_email_to_visitor	GET	/dev/nightwatch/setup_invitation_email_to_visitor	dev/nightwatch	setup_invitation_email_to_visitor	development	development_only	review
GET|/dev/nightwatch/setup_invite_user_with_alternative_email|dev/nightwatch|setup_invite_user_with_alternative_email	GET	/dev/nightwatch/setup_invite_user_with_alternative_email	dev/nightwatch	setup_invite_user_with_alternative_email	development	development_only	review
GET|/dev/nightwatch/setup_invite_user_with_correct_email|dev/nightwatch|setup_invite_user_with_correct_email	GET	/dev/nightwatch/setup_invite_user_with_correct_email	dev/nightwatch	setup_invite_user_with_correct_email	development	development_only	review
GET|/dev/nightwatch/setup_login_token_email|dev/nightwatch|setup_login_token_email	GET	/dev/nightwatch/setup_login_token_email	dev/nightwatch	setup_login_token_email	development	development_only	review
GET|/dev/nightwatch/setup_login_token_user_without_password|dev/nightwatch|setup_login_token_user_without_password	GET	/dev/nightwatch/setup_login_token_user_without_password	dev/nightwatch	setup_login_token_user_without_password	development	development_only	review
GET|/dev/nightwatch/setup_login_token|dev/nightwatch|setup_login_token	GET	/dev/nightwatch/setup_login_token	dev/nightwatch	setup_login_token	development	development_only	review
GET|/dev/nightwatch/setup_membership_request_email|dev/nightwatch|setup_membership_request_email	GET	/dev/nightwatch/setup_membership_request_email	dev/nightwatch	setup_membership_request_email	development	development_only	review
GET|/dev/nightwatch/setup_membership_requests|dev/nightwatch|setup_membership_requests	GET	/dev/nightwatch/setup_membership_requests	dev/nightwatch	setup_membership_requests	development	development_only	review
GET|/dev/nightwatch/setup_membership_with_title|dev/nightwatch|setup_membership_with_title	GET	/dev/nightwatch/setup_membership_with_title	dev/nightwatch	setup_membership_with_title	development	development_only	review
GET|/dev/nightwatch/setup_merge_verification_email|dev/nightwatch|setup_merge_verification_email	GET	/dev/nightwatch/setup_merge_verification_email	dev/nightwatch	setup_merge_verification_email	development	development_only	review
GET|/dev/nightwatch/setup_multiple_discussions|dev/nightwatch|setup_multiple_discussions	GET	/dev/nightwatch/setup_multiple_discussions	dev/nightwatch	setup_multiple_discussions	development	development_only	review
GET|/dev/nightwatch/setup_open_and_closed_discussions|dev/nightwatch|setup_open_and_closed_discussions	GET	/dev/nightwatch/setup_open_and_closed_discussions	dev/nightwatch	setup_open_and_closed_discussions	development	development_only	review
GET|/dev/nightwatch/setup_open_group|dev/nightwatch|setup_open_group	GET	/dev/nightwatch/setup_open_group	dev/nightwatch	setup_open_group	development	development_only	review
GET|/dev/nightwatch/setup_pages_of_closed_discussions|dev/nightwatch|setup_pages_of_closed_discussions	GET	/dev/nightwatch/setup_pages_of_closed_discussions	dev/nightwatch	setup_pages_of_closed_discussions	development	development_only	review
GET|/dev/nightwatch/setup_profile_with_group_visible_to_members|dev/nightwatch|setup_profile_with_group_visible_to_members	GET	/dev/nightwatch/setup_profile_with_group_visible_to_members	dev/nightwatch	setup_profile_with_group_visible_to_members	development	development_only	review
GET|/dev/nightwatch/setup_public_group_to_join_upon_request|dev/nightwatch|setup_public_group_to_join_upon_request	GET	/dev/nightwatch/setup_public_group_to_join_upon_request	dev/nightwatch	setup_public_group_to_join_upon_request	development	development_only	review
GET|/dev/nightwatch/setup_restricted_profile|dev/nightwatch|setup_restricted_profile	GET	/dev/nightwatch/setup_restricted_profile	dev/nightwatch	setup_restricted_profile	development	development_only	review
GET|/dev/nightwatch/setup_secret_group|dev/nightwatch|setup_secret_group	GET	/dev/nightwatch/setup_secret_group	dev/nightwatch	setup_secret_group	development	development_only	review
GET|/dev/nightwatch/setup_start_poll_form_from_url|dev/nightwatch|setup_start_poll_form_from_url	GET	/dev/nightwatch/setup_start_poll_form_from_url	dev/nightwatch	setup_start_poll_form_from_url	development	development_only	review
GET|/dev/nightwatch/setup_start_thread_form_from_url|dev/nightwatch|setup_start_thread_form_from_url	GET	/dev/nightwatch/setup_start_thread_form_from_url	dev/nightwatch	setup_start_thread_form_from_url	development	development_only	review
GET|/dev/nightwatch/setup_subgroup_with_parent_member_visibility|dev/nightwatch|setup_subgroup_with_parent_member_visibility	GET	/dev/nightwatch/setup_subgroup_with_parent_member_visibility	dev/nightwatch	setup_subgroup_with_parent_member_visibility	development	development_only	review
GET|/dev/nightwatch/setup_task_reminder_email|dev/nightwatch|setup_task_reminder_email	GET	/dev/nightwatch/setup_task_reminder_email	dev/nightwatch	setup_task_reminder_email	development	development_only	review
GET|/dev/nightwatch/setup_thread_catch_up_with_standalone_poll|dev/nightwatch|setup_thread_catch_up_with_standalone_poll	GET	/dev/nightwatch/setup_thread_catch_up_with_standalone_poll	dev/nightwatch	setup_thread_catch_up_with_standalone_poll	development	development_only	review
GET|/dev/nightwatch/setup_thread_catch_up|dev/nightwatch|setup_thread_catch_up	GET	/dev/nightwatch/setup_thread_catch_up	dev/nightwatch	setup_thread_catch_up	development	development_only	review
GET|/dev/nightwatch/setup_topical_poll_to_add_to_discussion|dev/nightwatch|setup_topical_poll_to_add_to_discussion	GET	/dev/nightwatch/setup_topical_poll_to_add_to_discussion	dev/nightwatch	setup_topical_poll_to_add_to_discussion	development	development_only	review
GET|/dev/nightwatch/setup_trial_group_with_received_email|dev/nightwatch|setup_trial_group_with_received_email	GET	/dev/nightwatch/setup_trial_group_with_received_email	dev/nightwatch	setup_trial_group_with_received_email	development	development_only	review
GET|/dev/nightwatch/setup_unread_discussion|dev/nightwatch|setup_unread_discussion	GET	/dev/nightwatch/setup_unread_discussion	dev/nightwatch	setup_unread_discussion	development	development_only	review
GET|/dev/nightwatch/setup_used_login_token|dev/nightwatch|setup_used_login_token	GET	/dev/nightwatch/setup_used_login_token	dev/nightwatch	setup_used_login_token	development	development_only	review
GET|/dev/nightwatch/setup_user_no_group|dev/nightwatch|setup_user_no_group	GET	/dev/nightwatch/setup_user_no_group	dev/nightwatch	setup_user_no_group	development	development_only	review
GET|/dev/nightwatch/setup_user_reactivation_email|dev/nightwatch|setup_user_reactivation_email	GET	/dev/nightwatch/setup_user_reactivation_email	dev/nightwatch	setup_user_reactivation_email	development	development_only	review
GET|/dev/nightwatch/use_last_login_token|dev/nightwatch|use_last_login_token	GET	/dev/nightwatch/use_last_login_token	dev/nightwatch	use_last_login_token	development	development_only	review
GET|/dev/nightwatch/view_closed_group_as_non_member|dev/nightwatch|view_closed_group_as_non_member	GET	/dev/nightwatch/view_closed_group_as_non_member	dev/nightwatch	view_closed_group_as_non_member	development	development_only	review
GET|/dev/nightwatch/view_closed_group_as_visitor|dev/nightwatch|view_closed_group_as_visitor	GET	/dev/nightwatch/view_closed_group_as_visitor	dev/nightwatch	view_closed_group_as_visitor	development	development_only	review
GET|/dev/nightwatch/view_closed_group_with_shareable_link|dev/nightwatch|view_closed_group_with_shareable_link	GET	/dev/nightwatch/view_closed_group_with_shareable_link	dev/nightwatch	view_closed_group_with_shareable_link	development	development_only	review
GET|/dev/nightwatch/view_discussion_as_visitor_with_tags|dev/nightwatch|view_discussion_as_visitor_with_tags	GET	/dev/nightwatch/view_discussion_as_visitor_with_tags	dev/nightwatch	view_discussion_as_visitor_with_tags	development	development_only	review
GET|/dev/nightwatch/view_open_discussion_as_visitor|dev/nightwatch|view_open_discussion_as_visitor	GET	/dev/nightwatch/view_open_discussion_as_visitor	dev/nightwatch	view_open_discussion_as_visitor	development	development_only	review
GET|/dev/nightwatch/view_open_group_as_non_member|dev/nightwatch|view_open_group_as_non_member	GET	/dev/nightwatch/view_open_group_as_non_member	dev/nightwatch	view_open_group_as_non_member	development	development_only	review
GET|/dev/nightwatch/view_open_group_as_visitor|dev/nightwatch|view_open_group_as_visitor	GET	/dev/nightwatch/view_open_group_as_visitor	dev/nightwatch	view_open_group_as_visitor	development	development_only	review
GET|/dev/nightwatch/view_secret_group_as_non_member|dev/nightwatch|view_secret_group_as_non_member	GET	/dev/nightwatch/view_secret_group_as_non_member	dev/nightwatch	view_secret_group_as_non_member	development	development_only	review
GET|/dev/nightwatch/view_secret_group_as_visitor|dev/nightwatch|view_secret_group_as_visitor	GET	/dev/nightwatch/view_secret_group_as_visitor	dev/nightwatch	view_secret_group_as_visitor	development	development_only	review
GET|/dev/nightwatch/visit_group_as_subgroup_member|dev/nightwatch|visit_group_as_subgroup_member	GET	/dev/nightwatch/visit_group_as_subgroup_member	dev/nightwatch	visit_group_as_subgroup_member	development	development_only	review
GET|/dev/nightwatch/visit_tags_page|dev/nightwatch|visit_tags_page	GET	/dev/nightwatch/visit_tags_page	dev/nightwatch	visit_tags_page	development	development_only	review
GET|/dev/nightwatch|dev/nightwatch|index	GET	/dev/nightwatch	dev/nightwatch	index	development	development_only	review
GET|/dev/polls/accept_last_invitation|dev/polls|accept_last_invitation	GET	/dev/polls/accept_last_invitation	dev/polls	accept_last_invitation	development	development_only	review
GET|/dev/polls/alternative_poll_option_selection|dev/polls|alternative_poll_option_selection	GET	/dev/polls/alternative_poll_option_selection	dev/polls	alternative_poll_option_selection	development	development_only	review
GET|/dev/polls/email_settings_as_logged_in_user|dev/polls|email_settings_as_logged_in_user	GET	/dev/polls/email_settings_as_logged_in_user	dev/polls	email_settings_as_logged_in_user	development	development_only	review
GET|/dev/polls/email_settings_as_restricted_user|dev/polls|email_settings_as_restricted_user	GET	/dev/polls/email_settings_as_restricted_user	dev/polls	email_settings_as_restricted_user	development	development_only	review
GET|/dev/polls/last_login_code|dev/polls|last_login_code	GET	/dev/polls/last_login_code	dev/polls	last_login_code	development	development_only	review
GET|/dev/polls/poll_anonymous_scenario|dev/polls|poll_anonymous_scenario	GET	/dev/polls/poll_anonymous_scenario	dev/polls	poll_anonymous_scenario	development	development_only	review
GET|/dev/polls/poll_catch_up_scenario|dev/polls|poll_catch_up_scenario	GET	/dev/polls/poll_catch_up_scenario	dev/polls	poll_catch_up_scenario	development	development_only	review
GET|/dev/polls/poll_closed_scenario|dev/polls|poll_closed_scenario	GET	/dev/polls/poll_closed_scenario	dev/polls	poll_closed_scenario	development	development_only	review
GET|/dev/polls/poll_closing_soon_author_scenario|dev/polls|poll_closing_soon_author_scenario	GET	/dev/polls/poll_closing_soon_author_scenario	dev/polls	poll_closing_soon_author_scenario	development	development_only	review
GET|/dev/polls/poll_closing_soon_scenario|dev/polls|poll_closing_soon_scenario	GET	/dev/polls/poll_closing_soon_scenario	dev/polls	poll_closing_soon_scenario	development	development_only	review
GET|/dev/polls/poll_closing_soon_with_vote_scenario|dev/polls|poll_closing_soon_with_vote_scenario	GET	/dev/polls/poll_closing_soon_with_vote_scenario	dev/polls	poll_closing_soon_with_vote_scenario	development	development_only	review
GET|/dev/polls/poll_created_scenario|dev/polls|poll_created_scenario	GET	/dev/polls/poll_created_scenario	dev/polls	poll_created_scenario	development	development_only	review
GET|/dev/polls/poll_expired_author_scenario|dev/polls|poll_expired_author_scenario	GET	/dev/polls/poll_expired_author_scenario	dev/polls	poll_expired_author_scenario	development	development_only	review
GET|/dev/polls/poll_expired_scenario|dev/polls|poll_expired_scenario	GET	/dev/polls/poll_expired_scenario	dev/polls	poll_expired_scenario	development	development_only	review
GET|/dev/polls/poll_outcome_created_scenario|dev/polls|poll_outcome_created_scenario	GET	/dev/polls/poll_outcome_created_scenario	dev/polls	poll_outcome_created_scenario	development	development_only	review
GET|/dev/polls/poll_outcome_review_due_scenario|dev/polls|poll_outcome_review_due_scenario	GET	/dev/polls/poll_outcome_review_due_scenario	dev/polls	poll_outcome_review_due_scenario	development	development_only	review
GET|/dev/polls/poll_reminder_scenario|dev/polls|poll_reminder_scenario	GET	/dev/polls/poll_reminder_scenario	dev/polls	poll_reminder_scenario	development	development_only	review
GET|/dev/polls/poll_scheduled_scenario|dev/polls|poll_scheduled_scenario	GET	/dev/polls/poll_scheduled_scenario	dev/polls	poll_scheduled_scenario	development	development_only	review
GET|/dev/polls/poll_stance_created_scenario|dev/polls|poll_stance_created_scenario	GET	/dev/polls/poll_stance_created_scenario	dev/polls	poll_stance_created_scenario	development	development_only	review
GET|/dev/polls/poll_user_mentioned_scenario|dev/polls|poll_user_mentioned_scenario	GET	/dev/polls/poll_user_mentioned_scenario	dev/polls	poll_user_mentioned_scenario	development	development_only	review
GET|/dev/polls/reset_transient_state|dev/polls|reset_transient_state	GET	/dev/polls/reset_transient_state	dev/polls	reset_transient_state	development	development_only	review
GET|/dev/polls/saved_discussion_with_created_event|dev/polls|saved_discussion_with_created_event	GET	/dev/polls/saved_discussion_with_created_event	dev/polls	saved_discussion_with_created_event	development	development_only	review
GET|/dev/polls/saved|dev/polls|saved	GET	/dev/polls/saved	dev/polls	saved	development	development_only	review
GET|/dev/polls/setup_all_activity_items|dev/polls|setup_all_activity_items	GET	/dev/polls/setup_all_activity_items	dev/polls	setup_all_activity_items	development	development_only	review
GET|/dev/polls/setup_all_notifications|dev/polls|setup_all_notifications	GET	/dev/polls/setup_all_notifications	dev/polls	setup_all_notifications	development	development_only	review
GET|/dev/polls/setup_closed_group_to_join|dev/polls|setup_closed_group_to_join	GET	/dev/polls/setup_closed_group_to_join	dev/polls	setup_closed_group_to_join	development	development_only	review
GET|/dev/polls/setup_closed_group|dev/polls|setup_closed_group	GET	/dev/polls/setup_closed_group	dev/polls	setup_closed_group	development	development_only	review
GET|/dev/polls/setup_comment_with_versions|dev/polls|setup_comment_with_versions	GET	/dev/polls/setup_comment_with_versions	dev/polls	setup_comment_with_versions	development	development_only	review
GET|/dev/polls/setup_dashboard_as_visitor|dev/polls|setup_dashboard_as_visitor	GET	/dev/polls/setup_dashboard_as_visitor	dev/polls	setup_dashboard_as_visitor	development	development_only	review
GET|/dev/polls/setup_dashboard_with_one_thread|dev/polls|setup_dashboard_with_one_thread	GET	/dev/polls/setup_dashboard_with_one_thread	dev/polls	setup_dashboard_with_one_thread	development	development_only	review
GET|/dev/polls/setup_dashboard|dev/polls|setup_dashboard	GET	/dev/polls/setup_dashboard	dev/polls	setup_dashboard	development	development_only	review
GET|/dev/polls/setup_deactivated_user|dev/polls|setup_deactivated_user	GET	/dev/polls/setup_deactivated_user	dev/polls	setup_deactivated_user	development	development_only	review
GET|/dev/polls/setup_discussion_as_guest|dev/polls|setup_discussion_as_guest	GET	/dev/polls/setup_discussion_as_guest	dev/polls	setup_discussion_as_guest	development	development_only	review
GET|/dev/polls/setup_discussion_for_jennifer|dev/polls|setup_discussion_for_jennifer	GET	/dev/polls/setup_discussion_for_jennifer	dev/polls	setup_discussion_for_jennifer	development	development_only	review
GET|/dev/polls/setup_discussion_mailer_comment_replied_to_email|dev/polls|setup_discussion_mailer_comment_replied_to_email	GET	/dev/polls/setup_discussion_mailer_comment_replied_to_email	dev/polls	setup_discussion_mailer_comment_replied_to_email	development	development_only	review
GET|/dev/polls/setup_discussion_mailer_discussion_announced_email|dev/polls|setup_discussion_mailer_discussion_announced_email	GET	/dev/polls/setup_discussion_mailer_discussion_announced_email	dev/polls	setup_discussion_mailer_discussion_announced_email	development	development_only	review
GET|/dev/polls/setup_discussion_mailer_discussion_created_email|dev/polls|setup_discussion_mailer_discussion_created_email	GET	/dev/polls/setup_discussion_mailer_discussion_created_email	dev/polls	setup_discussion_mailer_discussion_created_email	development	development_only	review
GET|/dev/polls/setup_discussion_mailer_discussion_edited_email|dev/polls|setup_discussion_mailer_discussion_edited_email	GET	/dev/polls/setup_discussion_mailer_discussion_edited_email	dev/polls	setup_discussion_mailer_discussion_edited_email	development	development_only	review
GET|/dev/polls/setup_discussion_mailer_invitation_created_email|dev/polls|setup_discussion_mailer_invitation_created_email	GET	/dev/polls/setup_discussion_mailer_invitation_created_email	dev/polls	setup_discussion_mailer_invitation_created_email	development	development_only	review
GET|/dev/polls/setup_discussion_mailer_new_comment_email|dev/polls|setup_discussion_mailer_new_comment_email	GET	/dev/polls/setup_discussion_mailer_new_comment_email	dev/polls	setup_discussion_mailer_new_comment_email	development	development_only	review
GET|/dev/polls/setup_discussion_mailer_new_comment_thread_subscribed_email|dev/polls|setup_discussion_mailer_new_comment_thread_subscribed_email	GET	/dev/polls/setup_discussion_mailer_new_comment_thread_subscribed_email	dev/polls	setup_discussion_mailer_new_comment_thread_subscribed_email	development	development_only	review
GET|/dev/polls/setup_discussion_mailer_user_mentioned_email|dev/polls|setup_discussion_mailer_user_mentioned_email	GET	/dev/polls/setup_discussion_mailer_user_mentioned_email	dev/polls	setup_discussion_mailer_user_mentioned_email	development	development_only	review
GET|/dev/polls/setup_discussion_template_browse|dev/polls|setup_discussion_template_browse	GET	/dev/polls/setup_discussion_template_browse	dev/polls	setup_discussion_template_browse	development	development_only	review
GET|/dev/polls/setup_discussion_with_guest|dev/polls|setup_discussion_with_guest	GET	/dev/polls/setup_discussion_with_guest	dev/polls	setup_discussion_with_guest	development	development_only	review
GET|/dev/polls/setup_discussion_with_tag|dev/polls|setup_discussion_with_tag	GET	/dev/polls/setup_discussion_with_tag	dev/polls	setup_discussion_with_tag	development	development_only	review
GET|/dev/polls/setup_discussion_with_versions|dev/polls|setup_discussion_with_versions	GET	/dev/polls/setup_discussion_with_versions	dev/polls	setup_discussion_with_versions	development	development_only	review
GET|/dev/polls/setup_discussion|dev/polls|setup_discussion	GET	/dev/polls/setup_discussion	dev/polls	setup_discussion	development	development_only	review
GET|/dev/polls/setup_explore_as_visitor|dev/polls|setup_explore_as_visitor	GET	/dev/polls/setup_explore_as_visitor	dev/polls	setup_explore_as_visitor	development	development_only	review
GET|/dev/polls/setup_forkable_discussion|dev/polls|setup_forkable_discussion	GET	/dev/polls/setup_forkable_discussion	dev/polls	setup_forkable_discussion	development	development_only	review
GET|/dev/polls/setup_group_as_member|dev/polls|setup_group_as_member	GET	/dev/polls/setup_group_as_member	dev/polls	setup_group_as_member	development	development_only	review
GET|/dev/polls/setup_group_super_admin|dev/polls|setup_group_super_admin	GET	/dev/polls/setup_group_super_admin	dev/polls	setup_group_super_admin	development	development_only	review
GET|/dev/polls/setup_group_with_discussion|dev/polls|setup_group_with_discussion	GET	/dev/polls/setup_group_with_discussion	dev/polls	setup_group_with_discussion	development	development_only	review
GET|/dev/polls/setup_group_with_handle|dev/polls|setup_group_with_handle	GET	/dev/polls/setup_group_with_handle	dev/polls	setup_group_with_handle	development	development_only	review
GET|/dev/polls/setup_group_with_max_members|dev/polls|setup_group_with_max_members	GET	/dev/polls/setup_group_with_max_members	dev/polls	setup_group_with_max_members	development	development_only	review
GET|/dev/polls/setup_group_with_multiple_coordinators|dev/polls|setup_group_with_multiple_coordinators	GET	/dev/polls/setup_group_with_multiple_coordinators	dev/polls	setup_group_with_multiple_coordinators	development	development_only	review
GET|/dev/polls/setup_group_with_no_coordinators|dev/polls|setup_group_with_no_coordinators	GET	/dev/polls/setup_group_with_no_coordinators	dev/polls	setup_group_with_no_coordinators	development	development_only	review
GET|/dev/polls/setup_group_with_pending_invitations|dev/polls|setup_group_with_pending_invitations	GET	/dev/polls/setup_group_with_pending_invitations	dev/polls	setup_group_with_pending_invitations	development	development_only	review
GET|/dev/polls/setup_group_with_photos|dev/polls|setup_group_with_photos	GET	/dev/polls/setup_group_with_photos	dev/polls	setup_group_with_photos	development	development_only	review
GET|/dev/polls/setup_group_with_received_email|dev/polls|setup_group_with_received_email	GET	/dev/polls/setup_group_with_received_email	dev/polls	setup_group_with_received_email	development	development_only	review
GET|/dev/polls/setup_group_with_restrictive_settings|dev/polls|setup_group_with_restrictive_settings	GET	/dev/polls/setup_group_with_restrictive_settings	dev/polls	setup_group_with_restrictive_settings	development	development_only	review
GET|/dev/polls/setup_group_with_subgroups_as_admin_landing_in_other_subgroup|dev/polls|setup_group_with_subgroups_as_admin_landing_in_other_subgroup	GET	/dev/polls/setup_group_with_subgroups_as_admin_landing_in_other_subgroup	dev/polls	setup_group_with_subgroups_as_admin_landing_in_other_subgroup	development	development_only	review
GET|/dev/polls/setup_group_with_subgroups_as_admin|dev/polls|setup_group_with_subgroups_as_admin	GET	/dev/polls/setup_group_with_subgroups_as_admin	dev/polls	setup_group_with_subgroups_as_admin	development	development_only	review
GET|/dev/polls/setup_group_with_subgroups|dev/polls|setup_group_with_subgroups	GET	/dev/polls/setup_group_with_subgroups	dev/polls	setup_group_with_subgroups	development	development_only	review
GET|/dev/polls/setup_group|dev/polls|setup_group	GET	/dev/polls/setup_group	dev/polls	setup_group	development	development_only	review
GET|/dev/polls/setup_inbox_with_tag|dev/polls|setup_inbox_with_tag	GET	/dev/polls/setup_inbox_with_tag	dev/polls	setup_inbox_with_tag	development	development_only	review
GET|/dev/polls/setup_inbox|dev/polls|setup_inbox	GET	/dev/polls/setup_inbox	dev/polls	setup_inbox	development	development_only	review
GET|/dev/polls/setup_invitation_email_to_user_with_password|dev/polls|setup_invitation_email_to_user_with_password	GET	/dev/polls/setup_invitation_email_to_user_with_password	dev/polls	setup_invitation_email_to_user_with_password	development	development_only	review
GET|/dev/polls/setup_invitation_email_to_visitor|dev/polls|setup_invitation_email_to_visitor	GET	/dev/polls/setup_invitation_email_to_visitor	dev/polls	setup_invitation_email_to_visitor	development	development_only	review
GET|/dev/polls/setup_invite_user_with_alternative_email|dev/polls|setup_invite_user_with_alternative_email	GET	/dev/polls/setup_invite_user_with_alternative_email	dev/polls	setup_invite_user_with_alternative_email	development	development_only	review
GET|/dev/polls/setup_invite_user_with_correct_email|dev/polls|setup_invite_user_with_correct_email	GET	/dev/polls/setup_invite_user_with_correct_email	dev/polls	setup_invite_user_with_correct_email	development	development_only	review
GET|/dev/polls/setup_login_token_email|dev/polls|setup_login_token_email	GET	/dev/polls/setup_login_token_email	dev/polls	setup_login_token_email	development	development_only	review
GET|/dev/polls/setup_login_token_user_without_password|dev/polls|setup_login_token_user_without_password	GET	/dev/polls/setup_login_token_user_without_password	dev/polls	setup_login_token_user_without_password	development	development_only	review
GET|/dev/polls/setup_login_token|dev/polls|setup_login_token	GET	/dev/polls/setup_login_token	dev/polls	setup_login_token	development	development_only	review
GET|/dev/polls/setup_membership_request_email|dev/polls|setup_membership_request_email	GET	/dev/polls/setup_membership_request_email	dev/polls	setup_membership_request_email	development	development_only	review
GET|/dev/polls/setup_membership_requests|dev/polls|setup_membership_requests	GET	/dev/polls/setup_membership_requests	dev/polls	setup_membership_requests	development	development_only	review
GET|/dev/polls/setup_membership_with_title|dev/polls|setup_membership_with_title	GET	/dev/polls/setup_membership_with_title	dev/polls	setup_membership_with_title	development	development_only	review
GET|/dev/polls/setup_merge_verification_email|dev/polls|setup_merge_verification_email	GET	/dev/polls/setup_merge_verification_email	dev/polls	setup_merge_verification_email	development	development_only	review
GET|/dev/polls/setup_multiple_discussions|dev/polls|setup_multiple_discussions	GET	/dev/polls/setup_multiple_discussions	dev/polls	setup_multiple_discussions	development	development_only	review
GET|/dev/polls/setup_open_and_closed_discussions|dev/polls|setup_open_and_closed_discussions	GET	/dev/polls/setup_open_and_closed_discussions	dev/polls	setup_open_and_closed_discussions	development	development_only	review
GET|/dev/polls/setup_open_group|dev/polls|setup_open_group	GET	/dev/polls/setup_open_group	dev/polls	setup_open_group	development	development_only	review
GET|/dev/polls/setup_pages_of_closed_discussions|dev/polls|setup_pages_of_closed_discussions	GET	/dev/polls/setup_pages_of_closed_discussions	dev/polls	setup_pages_of_closed_discussions	development	development_only	review
GET|/dev/polls/setup_profile_with_group_visible_to_members|dev/polls|setup_profile_with_group_visible_to_members	GET	/dev/polls/setup_profile_with_group_visible_to_members	dev/polls	setup_profile_with_group_visible_to_members	development	development_only	review
GET|/dev/polls/setup_public_group_to_join_upon_request|dev/polls|setup_public_group_to_join_upon_request	GET	/dev/polls/setup_public_group_to_join_upon_request	dev/polls	setup_public_group_to_join_upon_request	development	development_only	review
GET|/dev/polls/setup_restricted_profile|dev/polls|setup_restricted_profile	GET	/dev/polls/setup_restricted_profile	dev/polls	setup_restricted_profile	development	development_only	review
GET|/dev/polls/setup_secret_group|dev/polls|setup_secret_group	GET	/dev/polls/setup_secret_group	dev/polls	setup_secret_group	development	development_only	review
GET|/dev/polls/setup_start_poll_form_from_url|dev/polls|setup_start_poll_form_from_url	GET	/dev/polls/setup_start_poll_form_from_url	dev/polls	setup_start_poll_form_from_url	development	development_only	review
GET|/dev/polls/setup_start_thread_form_from_url|dev/polls|setup_start_thread_form_from_url	GET	/dev/polls/setup_start_thread_form_from_url	dev/polls	setup_start_thread_form_from_url	development	development_only	review
GET|/dev/polls/setup_subgroup_with_parent_member_visibility|dev/polls|setup_subgroup_with_parent_member_visibility	GET	/dev/polls/setup_subgroup_with_parent_member_visibility	dev/polls	setup_subgroup_with_parent_member_visibility	development	development_only	review
GET|/dev/polls/setup_task_reminder_email|dev/polls|setup_task_reminder_email	GET	/dev/polls/setup_task_reminder_email	dev/polls	setup_task_reminder_email	development	development_only	review
GET|/dev/polls/setup_thread_catch_up_with_standalone_poll|dev/polls|setup_thread_catch_up_with_standalone_poll	GET	/dev/polls/setup_thread_catch_up_with_standalone_poll	dev/polls	setup_thread_catch_up_with_standalone_poll	development	development_only	review
GET|/dev/polls/setup_thread_catch_up|dev/polls|setup_thread_catch_up	GET	/dev/polls/setup_thread_catch_up	dev/polls	setup_thread_catch_up	development	development_only	review
GET|/dev/polls/setup_topical_poll_to_add_to_discussion|dev/polls|setup_topical_poll_to_add_to_discussion	GET	/dev/polls/setup_topical_poll_to_add_to_discussion	dev/polls	setup_topical_poll_to_add_to_discussion	development	development_only	review
GET|/dev/polls/setup_trial_group_with_received_email|dev/polls|setup_trial_group_with_received_email	GET	/dev/polls/setup_trial_group_with_received_email	dev/polls	setup_trial_group_with_received_email	development	development_only	review
GET|/dev/polls/setup_unread_discussion|dev/polls|setup_unread_discussion	GET	/dev/polls/setup_unread_discussion	dev/polls	setup_unread_discussion	development	development_only	review
GET|/dev/polls/setup_used_login_token|dev/polls|setup_used_login_token	GET	/dev/polls/setup_used_login_token	dev/polls	setup_used_login_token	development	development_only	review
GET|/dev/polls/setup_user_no_group|dev/polls|setup_user_no_group	GET	/dev/polls/setup_user_no_group	dev/polls	setup_user_no_group	development	development_only	review
GET|/dev/polls/setup_user_reactivation_email|dev/polls|setup_user_reactivation_email	GET	/dev/polls/setup_user_reactivation_email	dev/polls	setup_user_reactivation_email	development	development_only	review
GET|/dev/polls/start_poll|dev/polls|start_poll	GET	/dev/polls/start_poll	dev/polls	start_poll	development	development_only	review
GET|/dev/polls/stv_vote_cast_scenario|dev/polls|stv_vote_cast_scenario	GET	/dev/polls/stv_vote_cast_scenario	dev/polls	stv_vote_cast_scenario	development	development_only	review
GET|/dev/polls/test_activity_items|dev/polls|test_activity_items	GET	/dev/polls/test_activity_items	dev/polls	test_activity_items	development	development_only	review
GET|/dev/polls/test_discussion|dev/polls|test_discussion	GET	/dev/polls/test_discussion	dev/polls	test_discussion	development	development_only	review
GET|/dev/polls/test_invite_to_poll|dev/polls|test_invite_to_poll	GET	/dev/polls/test_invite_to_poll	dev/polls	test_invite_to_poll	development	development_only	review
GET|/dev/polls/test_poll_in_discussion|dev/polls|test_poll_in_discussion	GET	/dev/polls/test_poll_in_discussion	dev/polls	test_poll_in_discussion	development	development_only	review
GET|/dev/polls/test_poll_scenario|dev/polls|test_poll_scenario	GET	/dev/polls/test_poll_scenario	dev/polls	test_poll_scenario	development	development_only	review
GET|/dev/polls/test_scheduled_poll|dev/polls|test_scheduled_poll	GET	/dev/polls/test_scheduled_poll	dev/polls	test_scheduled_poll	development	development_only	review
GET|/dev/polls/use_last_login_token|dev/polls|use_last_login_token	GET	/dev/polls/use_last_login_token	dev/polls	use_last_login_token	development	development_only	review
GET|/dev/polls/view_closed_group_as_non_member|dev/polls|view_closed_group_as_non_member	GET	/dev/polls/view_closed_group_as_non_member	dev/polls	view_closed_group_as_non_member	development	development_only	review
GET|/dev/polls/view_closed_group_as_visitor|dev/polls|view_closed_group_as_visitor	GET	/dev/polls/view_closed_group_as_visitor	dev/polls	view_closed_group_as_visitor	development	development_only	review
GET|/dev/polls/view_closed_group_with_shareable_link|dev/polls|view_closed_group_with_shareable_link	GET	/dev/polls/view_closed_group_with_shareable_link	dev/polls	view_closed_group_with_shareable_link	development	development_only	review
GET|/dev/polls/view_discussion_as_visitor_with_tags|dev/polls|view_discussion_as_visitor_with_tags	GET	/dev/polls/view_discussion_as_visitor_with_tags	dev/polls	view_discussion_as_visitor_with_tags	development	development_only	review
GET|/dev/polls/view_open_discussion_as_visitor|dev/polls|view_open_discussion_as_visitor	GET	/dev/polls/view_open_discussion_as_visitor	dev/polls	view_open_discussion_as_visitor	development	development_only	review
GET|/dev/polls/view_open_group_as_non_member|dev/polls|view_open_group_as_non_member	GET	/dev/polls/view_open_group_as_non_member	dev/polls	view_open_group_as_non_member	development	development_only	review
GET|/dev/polls/view_open_group_as_visitor|dev/polls|view_open_group_as_visitor	GET	/dev/polls/view_open_group_as_visitor	dev/polls	view_open_group_as_visitor	development	development_only	review
GET|/dev/polls/view_secret_group_as_non_member|dev/polls|view_secret_group_as_non_member	GET	/dev/polls/view_secret_group_as_non_member	dev/polls	view_secret_group_as_non_member	development	development_only	review
GET|/dev/polls/view_secret_group_as_visitor|dev/polls|view_secret_group_as_visitor	GET	/dev/polls/view_secret_group_as_visitor	dev/polls	view_secret_group_as_visitor	development	development_only	review
GET|/dev/polls/visit_group_as_subgroup_member|dev/polls|visit_group_as_subgroup_member	GET	/dev/polls/visit_group_as_subgroup_member	dev/polls	visit_group_as_subgroup_member	development	development_only	review
GET|/dev/polls/visit_tags_page|dev/polls|visit_tags_page	GET	/dev/polls/visit_tags_page	dev/polls	visit_tags_page	development	development_only	review
GET|/dev/polls|dev/polls|index	GET	/dev/polls	dev/polls	index	development	development_only	review
GET|/dev/reset_transient_state|dev/nightwatch|reset_transient_state	GET	/dev/reset_transient_state	dev/nightwatch	reset_transient_state	development	development_only	review
GET|/dev/setup_all_activity_items|dev/nightwatch|setup_all_activity_items	GET	/dev/setup_all_activity_items	dev/nightwatch	setup_all_activity_items	development	development_only	review
GET|/dev/setup_all_notifications|dev/nightwatch|setup_all_notifications	GET	/dev/setup_all_notifications	dev/nightwatch	setup_all_notifications	development	development_only	review
GET|/dev/setup_closed_group_to_join|dev/nightwatch|setup_closed_group_to_join	GET	/dev/setup_closed_group_to_join	dev/nightwatch	setup_closed_group_to_join	development	development_only	review
GET|/dev/setup_closed_group|dev/nightwatch|setup_closed_group	GET	/dev/setup_closed_group	dev/nightwatch	setup_closed_group	development	development_only	review
GET|/dev/setup_comment_with_versions|dev/nightwatch|setup_comment_with_versions	GET	/dev/setup_comment_with_versions	dev/nightwatch	setup_comment_with_versions	development	development_only	review
GET|/dev/setup_dashboard_as_visitor|dev/nightwatch|setup_dashboard_as_visitor	GET	/dev/setup_dashboard_as_visitor	dev/nightwatch	setup_dashboard_as_visitor	development	development_only	review
GET|/dev/setup_dashboard_with_one_thread|dev/nightwatch|setup_dashboard_with_one_thread	GET	/dev/setup_dashboard_with_one_thread	dev/nightwatch	setup_dashboard_with_one_thread	development	development_only	review
GET|/dev/setup_dashboard|dev/nightwatch|setup_dashboard	GET	/dev/setup_dashboard	dev/nightwatch	setup_dashboard	development	development_only	review
GET|/dev/setup_deactivated_user|dev/nightwatch|setup_deactivated_user	GET	/dev/setup_deactivated_user	dev/nightwatch	setup_deactivated_user	development	development_only	review
GET|/dev/setup_discussion_as_guest|dev/nightwatch|setup_discussion_as_guest	GET	/dev/setup_discussion_as_guest	dev/nightwatch	setup_discussion_as_guest	development	development_only	review
GET|/dev/setup_discussion_for_jennifer|dev/nightwatch|setup_discussion_for_jennifer	GET	/dev/setup_discussion_for_jennifer	dev/nightwatch	setup_discussion_for_jennifer	development	development_only	review
GET|/dev/setup_discussion_mailer_comment_replied_to_email|dev/nightwatch|setup_discussion_mailer_comment_replied_to_email	GET	/dev/setup_discussion_mailer_comment_replied_to_email	dev/nightwatch	setup_discussion_mailer_comment_replied_to_email	development	development_only	review
GET|/dev/setup_discussion_mailer_discussion_announced_email|dev/nightwatch|setup_discussion_mailer_discussion_announced_email	GET	/dev/setup_discussion_mailer_discussion_announced_email	dev/nightwatch	setup_discussion_mailer_discussion_announced_email	development	development_only	review
GET|/dev/setup_discussion_mailer_discussion_created_email|dev/nightwatch|setup_discussion_mailer_discussion_created_email	GET	/dev/setup_discussion_mailer_discussion_created_email	dev/nightwatch	setup_discussion_mailer_discussion_created_email	development	development_only	review
GET|/dev/setup_discussion_mailer_discussion_edited_email|dev/nightwatch|setup_discussion_mailer_discussion_edited_email	GET	/dev/setup_discussion_mailer_discussion_edited_email	dev/nightwatch	setup_discussion_mailer_discussion_edited_email	development	development_only	review
GET|/dev/setup_discussion_mailer_invitation_created_email|dev/nightwatch|setup_discussion_mailer_invitation_created_email	GET	/dev/setup_discussion_mailer_invitation_created_email	dev/nightwatch	setup_discussion_mailer_invitation_created_email	development	development_only	review
GET|/dev/setup_discussion_mailer_new_comment_email|dev/nightwatch|setup_discussion_mailer_new_comment_email	GET	/dev/setup_discussion_mailer_new_comment_email	dev/nightwatch	setup_discussion_mailer_new_comment_email	development	development_only	review
GET|/dev/setup_discussion_mailer_new_comment_thread_subscribed_email|dev/nightwatch|setup_discussion_mailer_new_comment_thread_subscribed_email	GET	/dev/setup_discussion_mailer_new_comment_thread_subscribed_email	dev/nightwatch	setup_discussion_mailer_new_comment_thread_subscribed_email	development	development_only	review
GET|/dev/setup_discussion_mailer_user_mentioned_email|dev/nightwatch|setup_discussion_mailer_user_mentioned_email	GET	/dev/setup_discussion_mailer_user_mentioned_email	dev/nightwatch	setup_discussion_mailer_user_mentioned_email	development	development_only	review
GET|/dev/setup_discussion_template_browse|dev/nightwatch|setup_discussion_template_browse	GET	/dev/setup_discussion_template_browse	dev/nightwatch	setup_discussion_template_browse	development	development_only	review
GET|/dev/setup_discussion_with_guest|dev/nightwatch|setup_discussion_with_guest	GET	/dev/setup_discussion_with_guest	dev/nightwatch	setup_discussion_with_guest	development	development_only	review
GET|/dev/setup_discussion_with_tag|dev/nightwatch|setup_discussion_with_tag	GET	/dev/setup_discussion_with_tag	dev/nightwatch	setup_discussion_with_tag	development	development_only	review
GET|/dev/setup_discussion_with_versions|dev/nightwatch|setup_discussion_with_versions	GET	/dev/setup_discussion_with_versions	dev/nightwatch	setup_discussion_with_versions	development	development_only	review
GET|/dev/setup_discussion|dev/nightwatch|setup_discussion	GET	/dev/setup_discussion	dev/nightwatch	setup_discussion	development	development_only	review
GET|/dev/setup_explore_as_visitor|dev/nightwatch|setup_explore_as_visitor	GET	/dev/setup_explore_as_visitor	dev/nightwatch	setup_explore_as_visitor	development	development_only	review
GET|/dev/setup_forkable_discussion|dev/nightwatch|setup_forkable_discussion	GET	/dev/setup_forkable_discussion	dev/nightwatch	setup_forkable_discussion	development	development_only	review
GET|/dev/setup_group_as_member|dev/nightwatch|setup_group_as_member	GET	/dev/setup_group_as_member	dev/nightwatch	setup_group_as_member	development	development_only	review
GET|/dev/setup_group_super_admin|dev/nightwatch|setup_group_super_admin	GET	/dev/setup_group_super_admin	dev/nightwatch	setup_group_super_admin	development	development_only	review
GET|/dev/setup_group_with_discussion|dev/nightwatch|setup_group_with_discussion	GET	/dev/setup_group_with_discussion	dev/nightwatch	setup_group_with_discussion	development	development_only	review
GET|/dev/setup_group_with_handle|dev/nightwatch|setup_group_with_handle	GET	/dev/setup_group_with_handle	dev/nightwatch	setup_group_with_handle	development	development_only	review
GET|/dev/setup_group_with_max_members|dev/nightwatch|setup_group_with_max_members	GET	/dev/setup_group_with_max_members	dev/nightwatch	setup_group_with_max_members	development	development_only	review
GET|/dev/setup_group_with_multiple_coordinators|dev/nightwatch|setup_group_with_multiple_coordinators	GET	/dev/setup_group_with_multiple_coordinators	dev/nightwatch	setup_group_with_multiple_coordinators	development	development_only	review
GET|/dev/setup_group_with_no_coordinators|dev/nightwatch|setup_group_with_no_coordinators	GET	/dev/setup_group_with_no_coordinators	dev/nightwatch	setup_group_with_no_coordinators	development	development_only	review
GET|/dev/setup_group_with_pending_invitations|dev/nightwatch|setup_group_with_pending_invitations	GET	/dev/setup_group_with_pending_invitations	dev/nightwatch	setup_group_with_pending_invitations	development	development_only	review
GET|/dev/setup_group_with_photos|dev/nightwatch|setup_group_with_photos	GET	/dev/setup_group_with_photos	dev/nightwatch	setup_group_with_photos	development	development_only	review
GET|/dev/setup_group_with_received_email|dev/nightwatch|setup_group_with_received_email	GET	/dev/setup_group_with_received_email	dev/nightwatch	setup_group_with_received_email	development	development_only	review
GET|/dev/setup_group_with_restrictive_settings|dev/nightwatch|setup_group_with_restrictive_settings	GET	/dev/setup_group_with_restrictive_settings	dev/nightwatch	setup_group_with_restrictive_settings	development	development_only	review
GET|/dev/setup_group_with_subgroups_as_admin_landing_in_other_subgroup|dev/nightwatch|setup_group_with_subgroups_as_admin_landing_in_other_subgroup	GET	/dev/setup_group_with_subgroups_as_admin_landing_in_other_subgroup	dev/nightwatch	setup_group_with_subgroups_as_admin_landing_in_other_subgroup	development	development_only	review
GET|/dev/setup_group_with_subgroups_as_admin|dev/nightwatch|setup_group_with_subgroups_as_admin	GET	/dev/setup_group_with_subgroups_as_admin	dev/nightwatch	setup_group_with_subgroups_as_admin	development	development_only	review
GET|/dev/setup_group_with_subgroups|dev/nightwatch|setup_group_with_subgroups	GET	/dev/setup_group_with_subgroups	dev/nightwatch	setup_group_with_subgroups	development	development_only	review
GET|/dev/setup_group|dev/nightwatch|setup_group	GET	/dev/setup_group	dev/nightwatch	setup_group	development	development_only	review
GET|/dev/setup_inbox_with_tag|dev/nightwatch|setup_inbox_with_tag	GET	/dev/setup_inbox_with_tag	dev/nightwatch	setup_inbox_with_tag	development	development_only	review
GET|/dev/setup_inbox|dev/nightwatch|setup_inbox	GET	/dev/setup_inbox	dev/nightwatch	setup_inbox	development	development_only	review
GET|/dev/setup_invitation_email_to_user_with_password|dev/nightwatch|setup_invitation_email_to_user_with_password	GET	/dev/setup_invitation_email_to_user_with_password	dev/nightwatch	setup_invitation_email_to_user_with_password	development	development_only	review
GET|/dev/setup_invitation_email_to_visitor|dev/nightwatch|setup_invitation_email_to_visitor	GET	/dev/setup_invitation_email_to_visitor	dev/nightwatch	setup_invitation_email_to_visitor	development	development_only	review
GET|/dev/setup_invite_user_with_alternative_email|dev/nightwatch|setup_invite_user_with_alternative_email	GET	/dev/setup_invite_user_with_alternative_email	dev/nightwatch	setup_invite_user_with_alternative_email	development	development_only	review
GET|/dev/setup_invite_user_with_correct_email|dev/nightwatch|setup_invite_user_with_correct_email	GET	/dev/setup_invite_user_with_correct_email	dev/nightwatch	setup_invite_user_with_correct_email	development	development_only	review
GET|/dev/setup_login_token_email|dev/nightwatch|setup_login_token_email	GET	/dev/setup_login_token_email	dev/nightwatch	setup_login_token_email	development	development_only	review
GET|/dev/setup_login_token_user_without_password|dev/nightwatch|setup_login_token_user_without_password	GET	/dev/setup_login_token_user_without_password	dev/nightwatch	setup_login_token_user_without_password	development	development_only	review
GET|/dev/setup_login_token|dev/nightwatch|setup_login_token	GET	/dev/setup_login_token	dev/nightwatch	setup_login_token	development	development_only	review
GET|/dev/setup_membership_request_email|dev/nightwatch|setup_membership_request_email	GET	/dev/setup_membership_request_email	dev/nightwatch	setup_membership_request_email	development	development_only	review
GET|/dev/setup_membership_requests|dev/nightwatch|setup_membership_requests	GET	/dev/setup_membership_requests	dev/nightwatch	setup_membership_requests	development	development_only	review
GET|/dev/setup_membership_with_title|dev/nightwatch|setup_membership_with_title	GET	/dev/setup_membership_with_title	dev/nightwatch	setup_membership_with_title	development	development_only	review
GET|/dev/setup_merge_verification_email|dev/nightwatch|setup_merge_verification_email	GET	/dev/setup_merge_verification_email	dev/nightwatch	setup_merge_verification_email	development	development_only	review
GET|/dev/setup_multiple_discussions|dev/nightwatch|setup_multiple_discussions	GET	/dev/setup_multiple_discussions	dev/nightwatch	setup_multiple_discussions	development	development_only	review
GET|/dev/setup_open_and_closed_discussions|dev/nightwatch|setup_open_and_closed_discussions	GET	/dev/setup_open_and_closed_discussions	dev/nightwatch	setup_open_and_closed_discussions	development	development_only	review
GET|/dev/setup_open_group|dev/nightwatch|setup_open_group	GET	/dev/setup_open_group	dev/nightwatch	setup_open_group	development	development_only	review
GET|/dev/setup_pages_of_closed_discussions|dev/nightwatch|setup_pages_of_closed_discussions	GET	/dev/setup_pages_of_closed_discussions	dev/nightwatch	setup_pages_of_closed_discussions	development	development_only	review
GET|/dev/setup_profile_with_group_visible_to_members|dev/nightwatch|setup_profile_with_group_visible_to_members	GET	/dev/setup_profile_with_group_visible_to_members	dev/nightwatch	setup_profile_with_group_visible_to_members	development	development_only	review
GET|/dev/setup_public_group_to_join_upon_request|dev/nightwatch|setup_public_group_to_join_upon_request	GET	/dev/setup_public_group_to_join_upon_request	dev/nightwatch	setup_public_group_to_join_upon_request	development	development_only	review
GET|/dev/setup_restricted_profile|dev/nightwatch|setup_restricted_profile	GET	/dev/setup_restricted_profile	dev/nightwatch	setup_restricted_profile	development	development_only	review
GET|/dev/setup_secret_group|dev/nightwatch|setup_secret_group	GET	/dev/setup_secret_group	dev/nightwatch	setup_secret_group	development	development_only	review
GET|/dev/setup_start_poll_form_from_url|dev/nightwatch|setup_start_poll_form_from_url	GET	/dev/setup_start_poll_form_from_url	dev/nightwatch	setup_start_poll_form_from_url	development	development_only	review
GET|/dev/setup_start_thread_form_from_url|dev/nightwatch|setup_start_thread_form_from_url	GET	/dev/setup_start_thread_form_from_url	dev/nightwatch	setup_start_thread_form_from_url	development	development_only	review
GET|/dev/setup_subgroup_with_parent_member_visibility|dev/nightwatch|setup_subgroup_with_parent_member_visibility	GET	/dev/setup_subgroup_with_parent_member_visibility	dev/nightwatch	setup_subgroup_with_parent_member_visibility	development	development_only	review
GET|/dev/setup_task_reminder_email|dev/nightwatch|setup_task_reminder_email	GET	/dev/setup_task_reminder_email	dev/nightwatch	setup_task_reminder_email	development	development_only	review
GET|/dev/setup_thread_catch_up_with_standalone_poll|dev/nightwatch|setup_thread_catch_up_with_standalone_poll	GET	/dev/setup_thread_catch_up_with_standalone_poll	dev/nightwatch	setup_thread_catch_up_with_standalone_poll	development	development_only	review
GET|/dev/setup_thread_catch_up|dev/nightwatch|setup_thread_catch_up	GET	/dev/setup_thread_catch_up	dev/nightwatch	setup_thread_catch_up	development	development_only	review
GET|/dev/setup_topical_poll_to_add_to_discussion|dev/nightwatch|setup_topical_poll_to_add_to_discussion	GET	/dev/setup_topical_poll_to_add_to_discussion	dev/nightwatch	setup_topical_poll_to_add_to_discussion	development	development_only	review
GET|/dev/setup_trial_group_with_received_email|dev/nightwatch|setup_trial_group_with_received_email	GET	/dev/setup_trial_group_with_received_email	dev/nightwatch	setup_trial_group_with_received_email	development	development_only	review
GET|/dev/setup_unread_discussion|dev/nightwatch|setup_unread_discussion	GET	/dev/setup_unread_discussion	dev/nightwatch	setup_unread_discussion	development	development_only	review
GET|/dev/setup_used_login_token|dev/nightwatch|setup_used_login_token	GET	/dev/setup_used_login_token	dev/nightwatch	setup_used_login_token	development	development_only	review
GET|/dev/setup_user_no_group|dev/nightwatch|setup_user_no_group	GET	/dev/setup_user_no_group	dev/nightwatch	setup_user_no_group	development	development_only	review
GET|/dev/setup_user_reactivation_email|dev/nightwatch|setup_user_reactivation_email	GET	/dev/setup_user_reactivation_email	dev/nightwatch	setup_user_reactivation_email	development	development_only	review
GET|/dev/use_last_login_token|dev/nightwatch|use_last_login_token	GET	/dev/use_last_login_token	dev/nightwatch	use_last_login_token	development	development_only	review
GET|/dev/view_closed_group_as_non_member|dev/nightwatch|view_closed_group_as_non_member	GET	/dev/view_closed_group_as_non_member	dev/nightwatch	view_closed_group_as_non_member	development	development_only	review
GET|/dev/view_closed_group_as_visitor|dev/nightwatch|view_closed_group_as_visitor	GET	/dev/view_closed_group_as_visitor	dev/nightwatch	view_closed_group_as_visitor	development	development_only	review
GET|/dev/view_closed_group_with_shareable_link|dev/nightwatch|view_closed_group_with_shareable_link	GET	/dev/view_closed_group_with_shareable_link	dev/nightwatch	view_closed_group_with_shareable_link	development	development_only	review
GET|/dev/view_discussion_as_visitor_with_tags|dev/nightwatch|view_discussion_as_visitor_with_tags	GET	/dev/view_discussion_as_visitor_with_tags	dev/nightwatch	view_discussion_as_visitor_with_tags	development	development_only	review
GET|/dev/view_open_discussion_as_visitor|dev/nightwatch|view_open_discussion_as_visitor	GET	/dev/view_open_discussion_as_visitor	dev/nightwatch	view_open_discussion_as_visitor	development	development_only	review
GET|/dev/view_open_group_as_non_member|dev/nightwatch|view_open_group_as_non_member	GET	/dev/view_open_group_as_non_member	dev/nightwatch	view_open_group_as_non_member	development	development_only	review
GET|/dev/view_open_group_as_visitor|dev/nightwatch|view_open_group_as_visitor	GET	/dev/view_open_group_as_visitor	dev/nightwatch	view_open_group_as_visitor	development	development_only	review
GET|/dev/view_secret_group_as_non_member|dev/nightwatch|view_secret_group_as_non_member	GET	/dev/view_secret_group_as_non_member	dev/nightwatch	view_secret_group_as_non_member	development	development_only	review
GET|/dev/view_secret_group_as_visitor|dev/nightwatch|view_secret_group_as_visitor	GET	/dev/view_secret_group_as_visitor	dev/nightwatch	view_secret_group_as_visitor	development	development_only	review
GET|/dev/visit_group_as_subgroup_member|dev/nightwatch|visit_group_as_subgroup_member	GET	/dev/visit_group_as_subgroup_member	dev/nightwatch	visit_group_as_subgroup_member	development	development_only	review
GET|/dev/visit_tags_page|dev/nightwatch|visit_tags_page	GET	/dev/visit_tags_page	dev/nightwatch	visit_tags_page	development	development_only	review
GET|/dev|dev/nightwatch|index	GET	/dev	dev/nightwatch	index	development	development_only	review
GET|/discussion_templates/:id/edit|application|index	GET	/discussion_templates/:id/edit	application	index	production	first_party_production	migrate
GET|/discussion_templates/:id|application|index	GET	/discussion_templates/:id	application	index	production	first_party_production	migrate
GET|/discussion_templates/browse|application|index	GET	/discussion_templates/browse	application	index	production	first_party_production	migrate
GET|/discussion_templates/dump_i18n|discussion_templates|dump_i18n	GET	/discussion_templates/dump_i18n	discussion_templates	dump_i18n	production	first_party_production	migrate
GET|/discussion_templates/new|application|index	GET	/discussion_templates/new	application	index	production	first_party_production	migrate
GET|/discussions/:id|redirect|discussion	GET	/discussions/:id	redirect	discussion	production	first_party_production	migrate
GET|/email_actions/mark_discussion_as_read/:discussion_id/:event_id/:unsubscribe_token|email_actions|mark_discussion_as_read	GET	/email_actions/mark_discussion_as_read/:discussion_id/:event_id/:unsubscribe_token	email_actions	mark_discussion_as_read	production	first_party_production	migrate
GET|/email_actions/mark_notification_as_read/:id/:unsubscribe_token|email_actions|mark_notification_as_read	GET	/email_actions/mark_notification_as_read/:id/:unsubscribe_token	email_actions	mark_notification_as_read	production	first_party_production	migrate
GET|/email_actions/mark_summary_email_as_read|email_actions|mark_summary_email_as_read	GET	/email_actions/mark_summary_email_as_read	email_actions	mark_summary_email_as_read	production	first_party_production	migrate
GET|/email_actions/unsubscribe|email_actions|unsubscribe	GET	/email_actions/unsubscribe	email_actions	unsubscribe	production	first_party_production	migrate
GET|/email_preferences|application|index	GET	/email_preferences	application	index	production	first_party_production	migrate
GET|/explore|groups|index	GET	/explore	groups	index	production	first_party_production	migrate
GET|/favicon.ico|application|ok	GET	/favicon.ico	application	ok	production	first_party_production	migrate
GET|/g/:key(/:slug)|groups|show	GET	/g/:key(/:slug)	groups	show	production	first_party_production	migrate
GET|/g/:key/emails|application|index	GET	/g/:key/emails	application	index	production	first_party_production	migrate
GET|/g/:key/export|groups|export	GET	/g/:key/export	groups	export	production	first_party_production	migrate
GET|/g/:key/members/requests|application|index	GET	/g/:key/members/requests	application	index	production	first_party_production	migrate
GET|/g/:key/membership_requests|application|index	GET	/g/:key/membership_requests	application	index	production	first_party_production	migrate
GET|/g/:key/memberships/:username|application|index	GET	/g/:key/memberships/:username	application	index	production	first_party_production	migrate
GET|/g/:key/memberships|application|index	GET	/g/:key/memberships	application	index	production	first_party_production	migrate
GET|/g/:key/previous_polls|application|index	GET	/g/:key/previous_polls	application	index	production	first_party_production	migrate
GET|/g/:key/settings|application|index	GET	/g/:key/settings	application	index	production	first_party_production	migrate
GET|/g/:key/tags(/:tag_name)|application|index	GET	/g/:key/tags(/:tag_name)	application	index	production	first_party_production	migrate
GET|/g/new|application|index	GET	/g/new	application	index	production	first_party_production	migrate
GET|/google/authorize|identities/google|create	GET	/google/authorize	identities/google	create	production	first_party_production	migrate
GET|/google/oauth|identities/google|oauth	GET	/google/oauth	identities/google	oauth	production	first_party_production	migrate
GET|/groups/:id|redirect|group	GET	/groups/:id	redirect	group	production	first_party_production	migrate
GET|/groups|application|index	GET	/groups	application	index	production	first_party_production	migrate
GET|/help/api2|help|api2	GET	/help/api2	help	api2	production	first_party_production	migrate
GET|/help/api3|help|api3	GET	/help/api3	help	api3	production	first_party_production	migrate
GET|/inbox|application|index	GET	/inbox	application	index	production	first_party_production	migrate
GET|/invitations/:token|memberships|show	GET	/invitations/:token	memberships	show	production	first_party_production	migrate
GET|/invitations/consume|memberships|consume	GET	/invitations/consume	memberships	consume	production	first_party_production	migrate
GET|/join/:model/:token|memberships|join	GET	/join/:model/:token	memberships	join	production	first_party_production	migrate
GET|/login_tokens/:token|login_tokens|show	GET	/login_tokens/:token	login_tokens	show	production	first_party_production	migrate
GET|/manifest|manifest|show	GET	/manifest	manifest	show	production	first_party_production	migrate
GET|/merge_users/confirm|merge_users|confirm	GET	/merge_users/confirm	merge_users	confirm	production	first_party_production	migrate
GET|/nextcloud/authorize|identities/nextcloud|create	GET	/nextcloud/authorize	identities/nextcloud	create	production	first_party_production	migrate
GET|/nextcloud/oauth|identities/nextcloud|oauth	GET	/nextcloud/oauth	identities/nextcloud	oauth	production	first_party_production	migrate
GET|/oauth/authorize|identities/oauth|create	GET	/oauth/authorize	identities/oauth	create	production	first_party_production	migrate
GET|/oauth/oauth|identities/oauth|oauth	GET	/oauth/oauth	identities/oauth	oauth	production	first_party_production	migrate
GET|/p/:key(/:slug)(/:sequence_id)|polls|show	GET	/p/:key(/:slug)(/:sequence_id)	polls	show	production	first_party_production	migrate
GET|/p/:key/export|polls|export	GET	/p/:key/export	polls	export	production	first_party_production	migrate
GET|/p/new(/:type)|application|index	GET	/p/new(/:type)	application	index	production	first_party_production	migrate
GET|/pie_chart|pie_chart|show	GET	/pie_chart	pie_chart	show	production	first_party_production	migrate
GET|/poll_templates/:id/edit|application|index	GET	/poll_templates/:id/edit	application	index	production	first_party_production	migrate
GET|/poll_templates/:id|application|index	GET	/poll_templates/:id	application	index	production	first_party_production	migrate
GET|/poll_templates/browse|application|index	GET	/poll_templates/browse	application	index	production	first_party_production	migrate
GET|/poll_templates/dump_i18n|poll_templates|dump_i18n	GET	/poll_templates/dump_i18n	poll_templates	dump_i18n	production	first_party_production	migrate
GET|/poll_templates/new|application|index	GET	/poll_templates/new	application	index	production	first_party_production	migrate
GET|/polls|application|index	GET	/polls	application	index	production	first_party_production	migrate
GET|/profile|application|index	GET	/profile	application	index	production	first_party_production	migrate
GET|/rails/action_mailbox/mandrill/inbound_emails|action_mailbox/ingresses/mandrill/inbound_emails|health_check	GET	/rails/action_mailbox/mandrill/inbound_emails	action_mailbox/ingresses/mandrill/inbound_emails	health_check	production	mounted_engine	review
GET|/rails/active_storage/blobs/:signed_id/*filename|active_storage/blobs/redirect|show	GET	/rails/active_storage/blobs/:signed_id/*filename	active_storage/blobs/redirect	show	production	mounted_engine	review
GET|/rails/active_storage/blobs/proxy/:signed_id/*filename|active_storage/blobs/proxy|show	GET	/rails/active_storage/blobs/proxy/:signed_id/*filename	active_storage/blobs/proxy	show	production	mounted_engine	review
GET|/rails/active_storage/blobs/redirect/:signed_id/*filename|active_storage/blobs/redirect|show	GET	/rails/active_storage/blobs/redirect/:signed_id/*filename	active_storage/blobs/redirect	show	production	mounted_engine	review
GET|/rails/active_storage/disk/:encoded_key/*filename|active_storage/disk|show	GET	/rails/active_storage/disk/:encoded_key/*filename	active_storage/disk	show	production	mounted_engine	review
GET|/rails/active_storage/representations/:signed_blob_id/:variation_key/*filename|active_storage/representations/redirect|show	GET	/rails/active_storage/representations/:signed_blob_id/:variation_key/*filename	active_storage/representations/redirect	show	production	mounted_engine	review
GET|/rails/active_storage/representations/proxy/:signed_blob_id/:variation_key/*filename|active_storage/representations/proxy|show	GET	/rails/active_storage/representations/proxy/:signed_blob_id/:variation_key/*filename	active_storage/representations/proxy	show	production	mounted_engine	review
GET|/rails/active_storage/representations/redirect/:signed_blob_id/:variation_key/*filename|active_storage/representations/redirect|show	GET	/rails/active_storage/representations/redirect/:signed_blob_id/:variation_key/*filename	active_storage/representations/redirect	show	production	mounted_engine	review
GET|/rails/conductor/action_mailbox/inbound_emails/:id|rails/conductor/action_mailbox/inbound_emails|show	GET	/rails/conductor/action_mailbox/inbound_emails/:id	rails/conductor/action_mailbox/inbound_emails	show	development	development_only	review
GET|/rails/conductor/action_mailbox/inbound_emails/new|rails/conductor/action_mailbox/inbound_emails|new	GET	/rails/conductor/action_mailbox/inbound_emails/new	rails/conductor/action_mailbox/inbound_emails	new	development	development_only	review
GET|/rails/conductor/action_mailbox/inbound_emails/sources/new|rails/conductor/action_mailbox/inbound_emails/sources|new	GET	/rails/conductor/action_mailbox/inbound_emails/sources/new	rails/conductor/action_mailbox/inbound_emails/sources	new	development	development_only	review
GET|/rails/conductor/action_mailbox/inbound_emails|rails/conductor/action_mailbox/inbound_emails|index	GET	/rails/conductor/action_mailbox/inbound_emails	rails/conductor/action_mailbox/inbound_emails	index	development	development_only	review
GET|/rails/info/notes|rails/info|notes	GET	/rails/info/notes	rails/info	notes	development	development_only	review
GET|/rails/info/properties|rails/info|properties	GET	/rails/info/properties	rails/info	properties	development	development_only	review
GET|/rails/info/routes|rails/info|routes	GET	/rails/info/routes	rails/info	routes	development	development_only	review
GET|/rails/info|rails/info|index	GET	/rails/info	rails/info	index	development	development_only	review
GET|/rails/mailers/*path|rails/mailers|preview	GET	/rails/mailers/*path	rails/mailers	preview	development	development_only	review
GET|/rails/mailers/download/*path|rails/mailers|download	GET	/rails/mailers/download/*path	rails/mailers	download	development	development_only	review
GET|/rails/mailers|rails/mailers|index	GET	/rails/mailers	rails/mailers	index	development	development_only	review
GET|/recede_historical_location|turbo/native/navigation|recede	GET	/recede_historical_location	turbo/native/navigation	recede	production	mounted_engine	review
GET|/refresh_historical_location|turbo/native/navigation|refresh	GET	/refresh_historical_location	turbo/native/navigation	refresh	production	mounted_engine	review
GET|/report|application|index	GET	/report	application	index	production	first_party_production	migrate
GET|/resume_historical_location|turbo/native/navigation|resume	GET	/resume_historical_location	turbo/native/navigation	resume	production	mounted_engine	review
GET|/robots|robots|show	GET	/robots	robots	show	production	first_party_production	migrate
GET|/saml/authorize|identities/saml|create	GET	/saml/authorize	identities/saml	create	production	first_party_production	migrate
GET|/saml/metadata|identities/saml|metadata	GET	/saml/metadata	identities/saml	metadata	production	first_party_production	migrate
GET|/saml/oauth|identities/saml|oauth	GET	/saml/oauth	identities/saml	oauth	production	first_party_production	migrate
GET|/tasks|application|index	GET	/tasks	application	index	production	first_party_production	migrate
GET|/thread_templates/:id/edit|application|index	GET	/thread_templates/:id/edit	application	index	production	first_party_production	migrate
GET|/thread_templates/:id|application|index	GET	/thread_templates/:id	application	index	production	first_party_production	migrate
GET|/thread_templates/browse|application|index	GET	/thread_templates/browse	application	index	production	first_party_production	migrate
GET|/thread_templates/new|application|index	GET	/thread_templates/new	application	index	production	first_party_production	migrate
GET|/try|application|index	GET	/try	application	index	production	first_party_production	migrate
GET|/u/:username|users|show	GET	/u/:username	users	show	production	first_party_production	migrate
GET|/whats_new|help|whats_new	GET	/whats_new	help	whats_new	production	first_party_production	migrate
GET|/wp-login.php|application|ok	GET	/wp-login.php	application	ok	production	first_party_production	migrate
GET|/|rails/welcome|index	GET	/	rails/welcome	index	development	development_only	review
GET|/|root|index	GET	/	root	index	production	first_party_production	migrate
PATCH|/admin/demos/:id|admin/demos|update	PATCH	/admin/demos/:id	admin/demos	update	production	active_admin_generated	review
PATCH|/admin/forward_email_rules/:id|admin/forward_email_rules|update	PATCH	/admin/forward_email_rules/:id	admin/forward_email_rules	update	production	active_admin_generated	review
PATCH|/admin/groups/:id|admin/groups|update	PATCH	/admin/groups/:id	admin/groups	update	production	active_admin_generated	review
PATCH|/admin/subscriptions/:id|admin/subscriptions|update	PATCH	/admin/subscriptions/:id	admin/subscriptions	update	production	active_admin_generated	review
PATCH|/admin/users/:id|admin/users|update	PATCH	/admin/users/:id	admin/users	update	production	active_admin_generated	review
PATCH|/api/b2/comments/:id|api/b2/comments|update	PATCH	/api/b2/comments/:id	api/b2/comments	update	production	first_party_production	migrate
PATCH|/api/b2/discussions/:id|api/b2/discussions|update	PATCH	/api/b2/discussions/:id	api/b2/discussions	update	production	first_party_production	migrate
PATCH|/api/b2/polls/:id|api/b2/polls|update	PATCH	/api/b2/polls/:id	api/b2/polls	update	production	first_party_production	migrate
PATCH|/api/b3/users/:id|api/b3/users|update	PATCH	/api/b3/users/:id	api/b3/users	update	production	first_party_production	migrate
PATCH|/api/b3/users/identity/:identity_type/:uid|api/b3/users|update_by_identity	PATCH	/api/b3/users/identity/:identity_type/:uid	api/b3/users	update_by_identity	production	first_party_production	migrate
PATCH|/api/v1/bookmarks/:id|api/v1/bookmarks|update	PATCH	/api/v1/bookmarks/:id	api/v1/bookmarks	update	production	first_party_production	migrate
PATCH|/api/v1/chatbots/:id|api/v1/chatbots|update	PATCH	/api/v1/chatbots/:id	api/v1/chatbots	update	production	first_party_production	migrate
PATCH|/api/v1/comments/:id|api/v1/comments|update	PATCH	/api/v1/comments/:id	api/v1/comments	update	production	first_party_production	migrate
PATCH|/api/v1/discussion_templates/:id|api/v1/discussion_templates|update	PATCH	/api/v1/discussion_templates/:id	api/v1/discussion_templates	update	production	first_party_production	migrate
PATCH|/api/v1/discussions/:id|api/v1/discussions|update	PATCH	/api/v1/discussions/:id	api/v1/discussions	update	production	first_party_production	migrate
PATCH|/api/v1/events/:id/pin|api/v1/events|pin	PATCH	/api/v1/events/:id/pin	api/v1/events	pin	production	first_party_production	migrate
PATCH|/api/v1/events/:id/unpin|api/v1/events|unpin	PATCH	/api/v1/events/:id/unpin	api/v1/events	unpin	production	first_party_production	migrate
PATCH|/api/v1/groups/:id|api/v1/groups|update	PATCH	/api/v1/groups/:id	api/v1/groups	update	production	first_party_production	migrate
PATCH|/api/v1/memberships/:id/set_volume|api/v1/memberships|set_volume	PATCH	/api/v1/memberships/:id/set_volume	api/v1/memberships	set_volume	production	first_party_production	migrate
PATCH|/api/v1/memberships/:id|api/v1/memberships|update	PATCH	/api/v1/memberships/:id	api/v1/memberships	update	production	first_party_production	migrate
PATCH|/api/v1/outcomes/:id|api/v1/outcomes|update	PATCH	/api/v1/outcomes/:id	api/v1/outcomes	update	production	first_party_production	migrate
PATCH|/api/v1/outcomes|api/v1/outcomes|update	PATCH	/api/v1/outcomes	api/v1/outcomes	update	production	first_party_production	migrate
PATCH|/api/v1/poll_templates/:id|api/v1/poll_templates|update	PATCH	/api/v1/poll_templates/:id	api/v1/poll_templates	update	production	first_party_production	migrate
PATCH|/api/v1/polls/:id|api/v1/polls|update	PATCH	/api/v1/polls/:id	api/v1/polls	update	production	first_party_production	migrate
PATCH|/api/v1/reactions/:id|api/v1/reactions|update	PATCH	/api/v1/reactions/:id	api/v1/reactions	update	production	first_party_production	migrate
PATCH|/api/v1/stances/:id/redact|api/v1/stances|redact	PATCH	/api/v1/stances/:id/redact	api/v1/stances	redact	production	first_party_production	migrate
PATCH|/api/v1/stances/:id/uncast|api/v1/stances|uncast	PATCH	/api/v1/stances/:id/uncast	api/v1/stances	uncast	production	first_party_production	migrate
PATCH|/api/v1/stances/:id/unredact|api/v1/stances|unredact	PATCH	/api/v1/stances/:id/unredact	api/v1/stances	unredact	production	first_party_production	migrate
PATCH|/api/v1/stances/:id|api/v1/stances|update	PATCH	/api/v1/stances/:id	api/v1/stances	update	production	first_party_production	migrate
PATCH|/api/v1/tags/:id|api/v1/tags|update	PATCH	/api/v1/tags/:id	api/v1/tags	update	production	first_party_production	migrate
PATCH|/api/v1/topics/:id/dismiss|api/v1/topics|dismiss	PATCH	/api/v1/topics/:id/dismiss	api/v1/topics	dismiss	production	first_party_production	migrate
PATCH|/api/v1/topics/:id/lock|api/v1/topics|lock	PATCH	/api/v1/topics/:id/lock	api/v1/topics	lock	production	first_party_production	migrate
PATCH|/api/v1/topics/:id/mark_as_read|api/v1/topics|mark_as_read	PATCH	/api/v1/topics/:id/mark_as_read	api/v1/topics	mark_as_read	production	first_party_production	migrate
PATCH|/api/v1/topics/:id/mark_as_seen|api/v1/topics|mark_as_seen	PATCH	/api/v1/topics/:id/mark_as_seen	api/v1/topics	mark_as_seen	production	first_party_production	migrate
PATCH|/api/v1/topics/:id/move_comments|api/v1/topics|move_comments	PATCH	/api/v1/topics/:id/move_comments	api/v1/topics	move_comments	production	first_party_production	migrate
PATCH|/api/v1/topics/:id/move|api/v1/topics|move	PATCH	/api/v1/topics/:id/move	api/v1/topics	move	production	first_party_production	migrate
PATCH|/api/v1/topics/:id/pin|api/v1/topics|pin	PATCH	/api/v1/topics/:id/pin	api/v1/topics	pin	production	first_party_production	migrate
PATCH|/api/v1/topics/:id/recall|api/v1/topics|recall	PATCH	/api/v1/topics/:id/recall	api/v1/topics	recall	production	first_party_production	migrate
PATCH|/api/v1/topics/:id/set_volume|api/v1/topics|set_volume	PATCH	/api/v1/topics/:id/set_volume	api/v1/topics	set_volume	production	first_party_production	migrate
PATCH|/api/v1/topics/:id/tags|api/v1/topics|tags	PATCH	/api/v1/topics/:id/tags	api/v1/topics	tags	production	first_party_production	migrate
PATCH|/api/v1/topics/:id/unlock|api/v1/topics|unlock	PATCH	/api/v1/topics/:id/unlock	api/v1/topics	unlock	production	first_party_production	migrate
PATCH|/api/v1/topics/:id/unpin|api/v1/topics|unpin	PATCH	/api/v1/topics/:id/unpin	api/v1/topics	unpin	production	first_party_production	migrate
PATCH|/api/v1/topics/:id|api/v1/topics|update	PATCH	/api/v1/topics/:id	api/v1/topics	update	production	first_party_production	migrate
PATCH|/api/v1/webhooks/:id|api/v1/webhooks|update	PATCH	/api/v1/webhooks/:id	api/v1/webhooks	update	production	mounted_engine	review
POST|/admin/comments|admin/comments|create	POST	/admin/comments	admin/comments	create	production	active_admin_generated	review
POST|/admin/demos/batch_action|admin/demos|batch_action	POST	/admin/demos/batch_action	admin/demos	batch_action	production	active_admin_generated	review
POST|/admin/demos|admin/demos|create	POST	/admin/demos	admin/demos	create	production	active_admin_generated	review
POST|/admin/forward_email_rules/batch_action|admin/forward_email_rules|batch_action	POST	/admin/forward_email_rules/batch_action	admin/forward_email_rules	batch_action	production	active_admin_generated	review
POST|/admin/forward_email_rules|admin/forward_email_rules|create	POST	/admin/forward_email_rules	admin/forward_email_rules	create	production	active_admin_generated	review
POST|/admin/groups/:id/archive|admin/groups|archive	POST	/admin/groups/:id/archive	admin/groups	archive	production	active_admin_generated	review
POST|/admin/groups/:id/delete_group|admin/groups|delete_group	POST	/admin/groups/:id/delete_group	admin/groups	delete_group	production	active_admin_generated	review
POST|/admin/groups/:id/export_group|admin/groups|export_group	POST	/admin/groups/:id/export_group	admin/groups	export_group	production	active_admin_generated	review
POST|/admin/groups/:id/handle|admin/groups|handle	POST	/admin/groups/:id/handle	admin/groups	handle	production	active_admin_generated	review
POST|/admin/groups/:id/move|admin/groups|move	POST	/admin/groups/:id/move	admin/groups	move	production	active_admin_generated	review
POST|/admin/groups/:id/unarchive|admin/groups|unarchive	POST	/admin/groups/:id/unarchive	admin/groups	unarchive	production	active_admin_generated	review
POST|/admin/groups/add_admin|admin/groups|add_admin	POST	/admin/groups/add_admin	admin/groups	add_admin	production	active_admin_generated	review
POST|/admin/groups/batch_action|admin/groups|batch_action	POST	/admin/groups/batch_action	admin/groups	batch_action	production	active_admin_generated	review
POST|/admin/groups/import_json|admin/groups|import_json	POST	/admin/groups/import_json	admin/groups	import_json	production	active_admin_generated	review
POST|/admin/groups/remove_admin|admin/groups|remove_admin	POST	/admin/groups/remove_admin	admin/groups	remove_admin	production	active_admin_generated	review
POST|/admin/groups|admin/groups|create	POST	/admin/groups	admin/groups	create	production	active_admin_generated	review
POST|/admin/subscriptions/:id/refresh|admin/subscriptions|refresh	POST	/admin/subscriptions/:id/refresh	admin/subscriptions	refresh	production	active_admin_generated	review
POST|/admin/subscriptions/batch_action|admin/subscriptions|batch_action	POST	/admin/subscriptions/batch_action	admin/subscriptions	batch_action	production	active_admin_generated	review
POST|/admin/subscriptions|admin/subscriptions|create	POST	/admin/subscriptions	admin/subscriptions	create	production	active_admin_generated	review
POST|/admin/users/:id/delete_identity|admin/users|delete_identity	POST	/admin/users/:id/delete_identity	admin/users	delete_identity	production	active_admin_generated	review
POST|/admin/users/:id/merge|admin/users|merge	POST	/admin/users/:id/merge	admin/users	merge	production	active_admin_generated	review
POST|/admin/users/batch_action|admin/users|batch_action	POST	/admin/users/batch_action	admin/users	batch_action	production	active_admin_generated	review
POST|/api/b2/comments|api/b2/comments|create	POST	/api/b2/comments	api/b2/comments	create	production	first_party_production	migrate
POST|/api/b2/discussions|api/b2/discussions|create	POST	/api/b2/discussions	api/b2/discussions	create	production	first_party_production	migrate
POST|/api/b2/memberships|api/b2/memberships|create	POST	/api/b2/memberships	api/b2/memberships	create	production	first_party_production	migrate
POST|/api/b2/polls|api/b2/polls|create	POST	/api/b2/polls	api/b2/polls	create	production	first_party_production	migrate
POST|/api/b3/users/:id/deactivate|api/b3/users|deactivate	POST	/api/b3/users/:id/deactivate	api/b3/users	deactivate	production	first_party_production	migrate
POST|/api/b3/users/:id/reactivate|api/b3/users|reactivate	POST	/api/b3/users/:id/reactivate	api/b3/users	reactivate	production	first_party_production	migrate
POST|/api/b3/users/:id/redact|api/b3/users|redact	POST	/api/b3/users/:id/redact	api/b3/users	redact	production	first_party_production	migrate
POST|/api/b3/users/deactivate|api/b3/users|deactivate	POST	/api/b3/users/deactivate	api/b3/users	deactivate	production	first_party_production	migrate
POST|/api/b3/users/identity/:identity_type/:uid/deactivate|api/b3/users|deactivate_by_identity	POST	/api/b3/users/identity/:identity_type/:uid/deactivate	api/b3/users	deactivate_by_identity	production	first_party_production	migrate
POST|/api/b3/users/identity/:identity_type/:uid/reactivate|api/b3/users|reactivate_by_identity	POST	/api/b3/users/identity/:identity_type/:uid/reactivate	api/b3/users	reactivate_by_identity	production	first_party_production	migrate
POST|/api/b3/users/identity/:identity_type/:uid/redact|api/b3/users|redact_by_identity	POST	/api/b3/users/identity/:identity_type/:uid/redact	api/b3/users	redact_by_identity	production	first_party_production	migrate
POST|/api/b3/users/reactivate|api/b3/users|reactivate	POST	/api/b3/users/reactivate	api/b3/users	reactivate	production	first_party_production	migrate
POST|/api/hocuspocus|api/hocuspocus|create	POST	/api/hocuspocus	api/hocuspocus	create	production	first_party_production	migrate
POST|/api/v1/announcements|api/v1/announcements|create	POST	/api/v1/announcements	api/v1/announcements	create	production	first_party_production	migrate
POST|/api/v1/bookmarks|api/v1/bookmarks|create	POST	/api/v1/bookmarks	api/v1/bookmarks	create	production	first_party_production	migrate
POST|/api/v1/chatbots/check|api/v1/chatbots|check	POST	/api/v1/chatbots/check	api/v1/chatbots	check	production	first_party_production	migrate
POST|/api/v1/chatbots|api/v1/chatbots|create	POST	/api/v1/chatbots	api/v1/chatbots	create	production	first_party_production	migrate
POST|/api/v1/comments/:id/undiscard|api/v1/comments|undiscard	POST	/api/v1/comments/:id/undiscard	api/v1/comments	undiscard	production	first_party_production	migrate
POST|/api/v1/comments|api/v1/comments|create	POST	/api/v1/comments	api/v1/comments	create	production	first_party_production	migrate
POST|/api/v1/contact_messages|api/v1/contact_messages|create	POST	/api/v1/contact_messages	api/v1/contact_messages	create	production	first_party_production	migrate
POST|/api/v1/demos/clone|api/v1/demos|clone	POST	/api/v1/demos/clone	api/v1/demos	clone	production	first_party_production	migrate
POST|/api/v1/discussion_templates/discard|api/v1/discussion_templates|discard	POST	/api/v1/discussion_templates/discard	api/v1/discussion_templates	discard	production	first_party_production	migrate
POST|/api/v1/discussion_templates/positions|api/v1/discussion_templates|positions	POST	/api/v1/discussion_templates/positions	api/v1/discussion_templates	positions	production	first_party_production	migrate
POST|/api/v1/discussion_templates/undiscard|api/v1/discussion_templates|undiscard	POST	/api/v1/discussion_templates/undiscard	api/v1/discussion_templates	undiscard	production	first_party_production	migrate
POST|/api/v1/discussion_templates|api/v1/discussion_templates|create	POST	/api/v1/discussion_templates	api/v1/discussion_templates	create	production	first_party_production	migrate
POST|/api/v1/discussions|api/v1/discussions|create	POST	/api/v1/discussions	api/v1/discussions	create	production	first_party_production	migrate
POST|/api/v1/groups/:id/export_csv|api/v1/groups|export_csv	POST	/api/v1/groups/:id/export_csv	api/v1/groups	export_csv	production	first_party_production	migrate
POST|/api/v1/groups/:id/export|api/v1/groups|export	POST	/api/v1/groups/:id/export	api/v1/groups	export	production	first_party_production	migrate
POST|/api/v1/groups/:id/reset_token|api/v1/groups|reset_token	POST	/api/v1/groups/:id/reset_token	api/v1/groups	reset_token	production	first_party_production	migrate
POST|/api/v1/groups/:id/upload_photo/:kind|api/v1/groups|upload_photo	POST	/api/v1/groups/:id/upload_photo/:kind	api/v1/groups	upload_photo	production	first_party_production	migrate
POST|/api/v1/groups|api/v1/groups|create	POST	/api/v1/groups	api/v1/groups	create	production	first_party_production	migrate
POST|/api/v1/link_previews|api/v1/link_previews|create	POST	/api/v1/link_previews	api/v1/link_previews	create	production	first_party_production	migrate
POST|/api/v1/login_tokens|api/v1/login_tokens|create	POST	/api/v1/login_tokens	api/v1/login_tokens	create	production	first_party_production	migrate
POST|/api/v1/membership_requests/:id/approve|api/v1/membership_requests|approve	POST	/api/v1/membership_requests/:id/approve	api/v1/membership_requests	approve	production	first_party_production	migrate
POST|/api/v1/membership_requests/:id/ignore|api/v1/membership_requests|ignore	POST	/api/v1/membership_requests/:id/ignore	api/v1/membership_requests	ignore	production	first_party_production	migrate
POST|/api/v1/membership_requests|api/v1/membership_requests|create	POST	/api/v1/membership_requests	api/v1/membership_requests	create	production	first_party_production	migrate
POST|/api/v1/memberships/:id/make_admin|api/v1/memberships|make_admin	POST	/api/v1/memberships/:id/make_admin	api/v1/memberships	make_admin	production	first_party_production	migrate
POST|/api/v1/memberships/:id/make_delegate|api/v1/memberships|make_delegate	POST	/api/v1/memberships/:id/make_delegate	api/v1/memberships	make_delegate	production	first_party_production	migrate
POST|/api/v1/memberships/:id/remove_admin|api/v1/memberships|remove_admin	POST	/api/v1/memberships/:id/remove_admin	api/v1/memberships	remove_admin	production	first_party_production	migrate
POST|/api/v1/memberships/:id/remove_delegate|api/v1/memberships|remove_delegate	POST	/api/v1/memberships/:id/remove_delegate	api/v1/memberships	remove_delegate	production	first_party_production	migrate
POST|/api/v1/memberships/:id/resend|api/v1/memberships|resend	POST	/api/v1/memberships/:id/resend	api/v1/memberships	resend	production	first_party_production	migrate
POST|/api/v1/memberships/:id/save_experience|api/v1/memberships|save_experience	POST	/api/v1/memberships/:id/save_experience	api/v1/memberships	save_experience	production	first_party_production	migrate
POST|/api/v1/memberships/join_group|api/v1/memberships|join_group	POST	/api/v1/memberships/join_group	api/v1/memberships	join_group	production	first_party_production	migrate
POST|/api/v1/memberships/user_name|api/v1/memberships|user_name	POST	/api/v1/memberships/user_name	api/v1/memberships	user_name	production	first_party_production	migrate
POST|/api/v1/memberships|api/v1/memberships|create	POST	/api/v1/memberships	api/v1/memberships	create	production	first_party_production	migrate
POST|/api/v1/notifications/viewed|api/v1/notifications|viewed	POST	/api/v1/notifications/viewed	api/v1/notifications	viewed	production	first_party_production	migrate
POST|/api/v1/outcomes|api/v1/outcomes|create	POST	/api/v1/outcomes	api/v1/outcomes	create	production	first_party_production	migrate
POST|/api/v1/poll_templates/discard|api/v1/poll_templates|discard	POST	/api/v1/poll_templates/discard	api/v1/poll_templates	discard	production	first_party_production	migrate
POST|/api/v1/poll_templates/hide|api/v1/poll_templates|hide	POST	/api/v1/poll_templates/hide	api/v1/poll_templates	hide	production	first_party_production	migrate
POST|/api/v1/poll_templates/positions|api/v1/poll_templates|positions	POST	/api/v1/poll_templates/positions	api/v1/poll_templates	positions	production	first_party_production	migrate
POST|/api/v1/poll_templates/settings|api/v1/poll_templates|settings	POST	/api/v1/poll_templates/settings	api/v1/poll_templates	settings	production	first_party_production	migrate
POST|/api/v1/poll_templates/undiscard|api/v1/poll_templates|undiscard	POST	/api/v1/poll_templates/undiscard	api/v1/poll_templates	undiscard	production	first_party_production	migrate
POST|/api/v1/poll_templates/unhide|api/v1/poll_templates|unhide	POST	/api/v1/poll_templates/unhide	api/v1/poll_templates	unhide	production	first_party_production	migrate
POST|/api/v1/poll_templates|api/v1/poll_templates|create	POST	/api/v1/poll_templates	api/v1/poll_templates	create	production	first_party_production	migrate
POST|/api/v1/polls/:id/close|api/v1/polls|close	POST	/api/v1/polls/:id/close	api/v1/polls	close	production	first_party_production	migrate
POST|/api/v1/polls/:id/remind|api/v1/polls|remind	POST	/api/v1/polls/:id/remind	api/v1/polls	remind	production	first_party_production	migrate
POST|/api/v1/polls/:id/reopen|api/v1/polls|reopen	POST	/api/v1/polls/:id/reopen	api/v1/polls	reopen	production	first_party_production	migrate
POST|/api/v1/polls|api/v1/polls|create	POST	/api/v1/polls	api/v1/polls	create	production	first_party_production	migrate
POST|/api/v1/profile/:id/remind|api/v1/profile|remind	POST	/api/v1/profile/:id/remind	api/v1/profile	remind	production	first_party_production	migrate
POST|/api/v1/profile/deactivate|api/v1/profile|deactivate	POST	/api/v1/profile/deactivate	api/v1/profile	deactivate	production	first_party_production	migrate
POST|/api/v1/profile/reset_email_api_key|api/v1/profile|reset_email_api_key	POST	/api/v1/profile/reset_email_api_key	api/v1/profile	reset_email_api_key	production	first_party_production	migrate
POST|/api/v1/profile/save_experience|api/v1/profile|save_experience	POST	/api/v1/profile/save_experience	api/v1/profile	save_experience	production	first_party_production	migrate
POST|/api/v1/profile/send_merge_verification_email|api/v1/profile|send_merge_verification_email	POST	/api/v1/profile/send_merge_verification_email	api/v1/profile	send_merge_verification_email	production	first_party_production	migrate
POST|/api/v1/profile/set_volume|api/v1/profile|set_volume	POST	/api/v1/profile/set_volume	api/v1/profile	set_volume	production	first_party_production	migrate
POST|/api/v1/profile/update_profile|api/v1/profile|update_profile	POST	/api/v1/profile/update_profile	api/v1/profile	update_profile	production	first_party_production	migrate
POST|/api/v1/profile/upload_avatar|api/v1/profile|upload_avatar	POST	/api/v1/profile/upload_avatar	api/v1/profile	upload_avatar	production	first_party_production	migrate
POST|/api/v1/reactions|api/v1/reactions|create	POST	/api/v1/reactions	api/v1/reactions	create	production	first_party_production	migrate
POST|/api/v1/received_emails/:id/allow|api/v1/received_emails|allow	POST	/api/v1/received_emails/:id/allow	api/v1/received_emails	allow	production	first_party_production	migrate
POST|/api/v1/received_emails/:id/block|api/v1/received_emails|block	POST	/api/v1/received_emails/:id/block	api/v1/received_emails	block	production	first_party_production	migrate
POST|/api/v1/registrations/oauth|api/v1/registrations|oauth	POST	/api/v1/registrations/oauth	api/v1/registrations	oauth	production	first_party_production	migrate
POST|/api/v1/registrations|api/v1/registrations|create	POST	/api/v1/registrations	api/v1/registrations	create	production	first_party_production	migrate
POST|/api/v1/sessions|api/v1/sessions|create	POST	/api/v1/sessions	api/v1/sessions	create	production	first_party_production	migrate
POST|/api/v1/stances/revoke|api/v1/stances|revoke	POST	/api/v1/stances/revoke	api/v1/stances	revoke	production	first_party_production	migrate
POST|/api/v1/stances|api/v1/stances|create	POST	/api/v1/stances	api/v1/stances	create	production	first_party_production	migrate
POST|/api/v1/tags|api/v1/tags|create	POST	/api/v1/tags	api/v1/tags	create	production	first_party_production	migrate
POST|/api/v1/tasks/:id/mark_as_done|api/v1/tasks|mark_as_done	POST	/api/v1/tasks/:id/mark_as_done	api/v1/tasks	mark_as_done	production	first_party_production	migrate
POST|/api/v1/tasks/:id/mark_as_not_done|api/v1/tasks|mark_as_not_done	POST	/api/v1/tasks/:id/mark_as_not_done	api/v1/tasks	mark_as_not_done	production	first_party_production	migrate
POST|/api/v1/tasks/update_done|api/v1/tasks|update_done	POST	/api/v1/tasks/update_done	api/v1/tasks	update_done	production	first_party_production	migrate
POST|/api/v1/topic_readers/:id/make_admin|api/v1/topic_readers|make_admin	POST	/api/v1/topic_readers/:id/make_admin	api/v1/topic_readers	make_admin	production	first_party_production	migrate
POST|/api/v1/topic_readers/:id/remove_admin|api/v1/topic_readers|remove_admin	POST	/api/v1/topic_readers/:id/remove_admin	api/v1/topic_readers	remove_admin	production	first_party_production	migrate
POST|/api/v1/topic_readers/:id/resend|api/v1/topic_readers|resend	POST	/api/v1/topic_readers/:id/resend	api/v1/topic_readers	resend	production	first_party_production	migrate
POST|/api/v1/topic_readers/:id/revoke|api/v1/topic_readers|revoke	POST	/api/v1/topic_readers/:id/revoke	api/v1/topic_readers	revoke	production	first_party_production	migrate
POST|/api/v1/trials|api/v1/trials|create	POST	/api/v1/trials	api/v1/trials	create	production	first_party_production	migrate
POST|/api/v1/webhooks|api/v1/webhooks|create	POST	/api/v1/webhooks	api/v1/webhooks	create	production	mounted_engine	review
POST|/bug_tunnel|application|bug_tunnel	POST	/bug_tunnel	application	bug_tunnel	production	first_party_production	migrate
POST|/contact_messages|contact_messages|create	POST	/contact_messages	contact_messages	create	production	mounted_engine	review
POST|/direct_uploads|direct_uploads|create	POST	/direct_uploads	direct_uploads	create	production	first_party_production	migrate
POST|/merge_users/merge|merge_users|merge	POST	/merge_users/merge	merge_users	merge	production	first_party_production	migrate
POST|/rails/action_mailbox/mailgun/inbound_emails/mime|action_mailbox/ingresses/mailgun/inbound_emails|create	POST	/rails/action_mailbox/mailgun/inbound_emails/mime	action_mailbox/ingresses/mailgun/inbound_emails	create	production	mounted_engine	review
POST|/rails/action_mailbox/mandrill/inbound_emails|action_mailbox/ingresses/mandrill/inbound_emails|create	POST	/rails/action_mailbox/mandrill/inbound_emails	action_mailbox/ingresses/mandrill/inbound_emails	create	production	mounted_engine	review
POST|/rails/action_mailbox/postmark/inbound_emails|action_mailbox/ingresses/postmark/inbound_emails|create	POST	/rails/action_mailbox/postmark/inbound_emails	action_mailbox/ingresses/postmark/inbound_emails	create	production	mounted_engine	review
POST|/rails/action_mailbox/relay/inbound_emails|action_mailbox/ingresses/relay/inbound_emails|create	POST	/rails/action_mailbox/relay/inbound_emails	action_mailbox/ingresses/relay/inbound_emails	create	production	mounted_engine	review
POST|/rails/action_mailbox/sendgrid/inbound_emails|action_mailbox/ingresses/sendgrid/inbound_emails|create	POST	/rails/action_mailbox/sendgrid/inbound_emails	action_mailbox/ingresses/sendgrid/inbound_emails	create	production	mounted_engine	review
POST|/rails/active_storage/direct_uploads|active_storage/direct_uploads|create	POST	/rails/active_storage/direct_uploads	active_storage/direct_uploads	create	production	mounted_engine	review
POST|/rails/active_storage/direct_uploads|direct_uploads|create	POST	/rails/active_storage/direct_uploads	direct_uploads	create	production	first_party_production	migrate
POST|/rails/conductor/action_mailbox/:inbound_email_id/incinerate|rails/conductor/action_mailbox/incinerates|create	POST	/rails/conductor/action_mailbox/:inbound_email_id/incinerate	rails/conductor/action_mailbox/incinerates	create	development	development_only	review
POST|/rails/conductor/action_mailbox/:inbound_email_id/reroute|rails/conductor/action_mailbox/reroutes|create	POST	/rails/conductor/action_mailbox/:inbound_email_id/reroute	rails/conductor/action_mailbox/reroutes	create	development	development_only	review
POST|/rails/conductor/action_mailbox/inbound_emails/sources|rails/conductor/action_mailbox/inbound_emails/sources|create	POST	/rails/conductor/action_mailbox/inbound_emails/sources	rails/conductor/action_mailbox/inbound_emails/sources	create	development	development_only	review
POST|/rails/conductor/action_mailbox/inbound_emails|rails/conductor/action_mailbox/inbound_emails|create	POST	/rails/conductor/action_mailbox/inbound_emails	rails/conductor/action_mailbox/inbound_emails	create	development	development_only	review
POST|/saml/oauth|identities/saml|create	POST	/saml/oauth	identities/saml	create	production	first_party_production	migrate
PUT|/admin/demos/:id|admin/demos|update	PUT	/admin/demos/:id	admin/demos	update	production	active_admin_generated	review
PUT|/admin/forward_email_rules/:id|admin/forward_email_rules|update	PUT	/admin/forward_email_rules/:id	admin/forward_email_rules	update	production	active_admin_generated	review
PUT|/admin/groups/:id|admin/groups|update	PUT	/admin/groups/:id	admin/groups	update	production	active_admin_generated	review
PUT|/admin/subscriptions/:id|admin/subscriptions|update	PUT	/admin/subscriptions/:id	admin/subscriptions	update	production	active_admin_generated	review
PUT|/admin/users/:id/deactivate|admin/users|deactivate	PUT	/admin/users/:id/deactivate	admin/users	deactivate	production	active_admin_generated	review
PUT|/admin/users/:id/reactivate|admin/users|reactivate	PUT	/admin/users/:id/reactivate	admin/users	reactivate	production	active_admin_generated	review
PUT|/admin/users/:id/redact|admin/users|redact	PUT	/admin/users/:id/redact	admin/users	redact	production	active_admin_generated	review
PUT|/admin/users/:id|admin/users|update	PUT	/admin/users/:id	admin/users	update	production	active_admin_generated	review
PUT|/api/b2/comments/:id|api/b2/comments|update	PUT	/api/b2/comments/:id	api/b2/comments	update	production	first_party_production	migrate
PUT|/api/b2/discussions/:id|api/b2/discussions|update	PUT	/api/b2/discussions/:id	api/b2/discussions	update	production	first_party_production	migrate
PUT|/api/b2/polls/:id|api/b2/polls|update	PUT	/api/b2/polls/:id	api/b2/polls	update	production	first_party_production	migrate
PUT|/api/b3/users/:id|api/b3/users|update	PUT	/api/b3/users/:id	api/b3/users	update	production	first_party_production	migrate
PUT|/api/v1/bookmarks/:id|api/v1/bookmarks|update	PUT	/api/v1/bookmarks/:id	api/v1/bookmarks	update	production	first_party_production	migrate
PUT|/api/v1/chatbots/:id|api/v1/chatbots|update	PUT	/api/v1/chatbots/:id	api/v1/chatbots	update	production	first_party_production	migrate
PUT|/api/v1/comments/:id|api/v1/comments|update	PUT	/api/v1/comments/:id	api/v1/comments	update	production	first_party_production	migrate
PUT|/api/v1/discussion_templates/:id|api/v1/discussion_templates|update	PUT	/api/v1/discussion_templates/:id	api/v1/discussion_templates	update	production	first_party_production	migrate
PUT|/api/v1/discussions/:id|api/v1/discussions|update	PUT	/api/v1/discussions/:id	api/v1/discussions	update	production	first_party_production	migrate
PUT|/api/v1/groups/:id|api/v1/groups|update	PUT	/api/v1/groups/:id	api/v1/groups	update	production	first_party_production	migrate
PUT|/api/v1/memberships/:id|api/v1/memberships|update	PUT	/api/v1/memberships/:id	api/v1/memberships	update	production	first_party_production	migrate
PUT|/api/v1/outcomes/:id|api/v1/outcomes|update	PUT	/api/v1/outcomes/:id	api/v1/outcomes	update	production	first_party_production	migrate
PUT|/api/v1/outcomes|api/v1/outcomes|update	PUT	/api/v1/outcomes	api/v1/outcomes	update	production	first_party_production	migrate
PUT|/api/v1/poll_templates/:id|api/v1/poll_templates|update	PUT	/api/v1/poll_templates/:id	api/v1/poll_templates	update	production	first_party_production	migrate
PUT|/api/v1/polls/:id|api/v1/polls|update	PUT	/api/v1/polls/:id	api/v1/polls	update	production	first_party_production	migrate
PUT|/api/v1/reactions/:id|api/v1/reactions|update	PUT	/api/v1/reactions/:id	api/v1/reactions	update	production	first_party_production	migrate
PUT|/api/v1/stances/:id|api/v1/stances|update	PUT	/api/v1/stances/:id	api/v1/stances	update	production	first_party_production	migrate
PUT|/api/v1/tags/:id|api/v1/tags|update	PUT	/api/v1/tags/:id	api/v1/tags	update	production	first_party_production	migrate
PUT|/api/v1/topics/:id|api/v1/topics|update	PUT	/api/v1/topics/:id	api/v1/topics	update	production	first_party_production	migrate
PUT|/api/v1/webhooks/:id|api/v1/webhooks|update	PUT	/api/v1/webhooks/:id	api/v1/webhooks	update	production	mounted_engine	review
PUT|/email_actions/set_discussion_volume|email_actions|set_discussion_volume	PUT	/email_actions/set_discussion_volume	email_actions	set_discussion_volume	production	first_party_production	migrate
PUT|/email_actions/set_group_volume|email_actions|set_group_volume	PUT	/email_actions/set_group_volume	email_actions	set_group_volume	production	first_party_production	migrate
PUT|/rails/active_storage/disk/:encoded_token|active_storage/disk|update	PUT	/rails/active_storage/disk/:encoded_token	active_storage/disk	update	production	mounted_engine	review
